number,url,title,status,html_file,markdown_file,sha256,error
1,https://webhome.phy.duke.edu/~rgb/Philosophy/axioms/axioms/About_this_document.html,About this document ...,PASS,About_this_document__7079d43b15.html,About_this_document__7079d43b15.md,39de574b65f2fd1e49466a988cd0db9657ab10af79d034adbaed8e98aecdb114,
2,https://webhome.phy.duke.edu/~rgb/Philosophy/axioms/axioms/Advantage_Reason.html,The Advantage of Reason,PASS,Advantage_Reason__a94cda480c.html,Advantage_Reason__a94cda480c.md,5a211f4a2cf7a091962a3495872c701d9de730bdda86f4fa2702dcedbe23f667,
3,https://webhome.phy.duke.edu/~rgb/Philosophy/axioms/axioms/Assertions_Experience.html,Assertions and Experience,PASS,Assertions_Experience__ee9ad723cc.html,Assertions_Experience__ee9ad723cc.md,5813c95b74f536985f508ba9bd436e02a0ec7e32bd2b9546b4aab5215038dbe6,
4,https://webhome.phy.duke.edu/~rgb/Philosophy/axioms/axioms/Axiom_Deity.html,The Axiom of Deity,PASS,Axiom_Deity__052db99f60.html,Axiom_Deity__052db99f60.md,e9af9c2c8517982172ae9356bf7758f0d31760ed2ce7035420c9035fe7bcd9a3,
5,https://webhome.phy.duke.edu/~rgb/Philosophy/axioms/axioms/Axiom_Open_Mindedness.html,The Axiom of Open-Mindedness,PASS,Axiom_Open_Mindedness__d0e92a3235.html,Axiom_Open_Mindedness__d0e92a3235.md,932670965f4a5824ad04d5ae2a33657931ee985b18b2b2b7147529fcbc7f0f86,
6,https://webhome.phy.duke.edu/~rgb/Philosophy/axioms/axioms/Axiom_Romance.html,The Axiom of Romance,PASS,Axiom_Romance__06d6dd69fb.html,Axiom_Romance__06d6dd69fb.md,717b3993e5f83e692831d9017c11ec75caef00da494d69c5af5faca74985c0eb,
7,https://webhome.phy.duke.edu/~rgb/Philosophy/axioms/axioms/Axioms.html,Axioms,PASS,Axioms__3130fb1cbf.html,Axioms__3130fb1cbf.md,2595f0adb077cfd9f2ba3b05d3db8a9339893fe461153be38d6aa7b1cec3c16c,
8,https://webhome.phy.duke.edu/~rgb/Philosophy/axioms/axioms/Big_Questions_Big.html,"Big Questions, Big Answers",PASS,Big_Questions_Big__473d8f5170.html,Big_Questions_Big__473d8f5170.md,e408ae3100c1b5129849ca16c141098b122f8276653818db9f8b86eb966eaf61,
9,https://webhome.phy.duke.edu/~rgb/Philosophy/axioms/axioms/Bit_Formalism.html,A Bit of Formalism,PASS,Bit_Formalism__73a3bb8a67.html,Bit_Formalism__73a3bb8a67.md,ebab349a57967e61bdc1fd9dbed1527e961c561c130b7f0d2b35e8c4234be840,
10,https://webhome.phy.duke.edu/~rgb/Philosophy/axioms/axioms/Common_Memes_Religious.html,The Common Memes of Religious Scripture,PASS,Common_Memes_Religious__bf3ec8044e.html,Common_Memes_Religious__bf3ec8044e.md,62e2e9738823424249579fb3ac7add2416ebe8a676f25001da14a6d548eac977,
11,https://webhome.phy.duke.edu/~rgb/Philosophy/axioms/axioms/Conclusions.html,Conclusions,PASS,Conclusions__31cefce73b.html,Conclusions__31cefce73b.md,7cb4eeaf4fdb3b70035b7053ac10c12ad7ddb201b43800a5aef252577722b285,
12,https://webhome.phy.duke.edu/~rgb/Philosophy/axioms/axioms/Contents.html,Contents,PASS,Contents__a84ee4c530.html,Contents__a84ee4c530.md,a8f03a598ee21ccf4ecd596274d1d777c44a24d67d48825f1e8ce408537dd654,
13,https://webhome.phy.duke.edu/~rgb/Philosophy/axioms/axioms/Critique_Specific_Philosoph.html,Critique of Specific Philosophies,PASS,Critique_Specific_Philosoph__26d92d76c0.html,Critique_Specific_Philosoph__26d92d76c0.md,55460329dd62151289895c69af8a0ed1d95a25397f6e84056dafd5de5c606034,
14,https://webhome.phy.duke.edu/~rgb/Philosophy/axioms/axioms/Esthetic_Principle.html,The Esthetic Principle,PASS,Esthetic_Principle__118d484ada.html,Esthetic_Principle__118d484ada.md,f832fcdbc4911aaab0aa93ec96b3286b76b0d037f6ba1f7e681eabf9c27b2724,
15,https://webhome.phy.duke.edu/~rgb/Philosophy/axioms/axioms/Formal_Problem_with.html,The Formal Problem with the Laws of Thought,PASS,Formal_Problem_with__45a5546a07.html,Formal_Problem_with__45a5546a07.md,fd5fc6cf855850a679855e29e036449270f03a4572a7064efb376b7d07a8a6b7,
16,https://webhome.phy.duke.edu/~rgb/Philosophy/axioms/axioms/Formal_Set_Theory.html,Formal Set Theory,PASS,Formal_Set_Theory__c8bee50a10.html,Formal_Set_Theory__c8bee50a10.md,52dc1ce95d508e24145d4d651606f317d3337bbd79ac05a6532112a686c31c53,
17,https://webhome.phy.duke.edu/~rgb/Philosophy/axioms/axioms/Fun_with_Logic.html,Fun with Logic: Contradictions and Null Results,PASS,Fun_with_Logic__45766fab54.html,Fun_with_Logic__45766fab54.md,3539d43f06f4f9f696ba0a35b2d3218afb90e4bf1d92bd43599aacc0ef2d0260,
18,https://webhome.phy.duke.edu/~rgb/Philosophy/axioms/axioms/Fundamental_Axioms_Human.html,The Fundamental Axioms of Human Society,PASS,Fundamental_Axioms_Human__6043793cb3.html,Fundamental_Axioms_Human__6043793cb3.md,708e474ac799c4cad200bc093dad7232edf24ffdacca6e96c235c55600b72fa1,
19,https://webhome.phy.duke.edu/~rgb/Philosophy/axioms/axioms/Fundamental_Axioms_Religion.html,The Fundamental Axioms of Religion:,PASS,Fundamental_Axioms_Religion__3e998c2656.html,Fundamental_Axioms_Religion__3e998c2656.md,9825dab1aa55007d45110e0414f3dc9fae5e7b76ed7c079f77ac1e1abb2ad36b,
20,https://webhome.phy.duke.edu/~rgb/Philosophy/axioms/axioms/Fundamental_Axioms_Science.html,The Fundamental Axioms of Science,PASS,Fundamental_Axioms_Science__82ee483bb8.html,Fundamental_Axioms_Science__82ee483bb8.md,1b60801853977421d0225790e30d73d4f941b6cf01bdb97a9b26c4be3dbe1554,
21,https://webhome.phy.duke.edu/~rgb/Philosophy/axioms/axioms/Galileo_St_Bellarmine.html,Galileo and St. Bellarmine,PASS,Galileo_St_Bellarmine__90e6e83068.html,Galileo_St_Bellarmine__90e6e83068.md,aa580a7317399b4bda3a431851adaf1993ca2ec67e480174caf3509242bb0274,
22,https://webhome.phy.duke.edu/~rgb/Philosophy/axioms/axioms/Godel.html,Gödel,PASS,Godel__78327863f5.html,Godel__78327863f5.md,879a9f891452147cd3b0a0de46b368698d4c18e2c70d9c1261a62bfa7be7abc2,
23,https://webhome.phy.duke.edu/~rgb/Philosophy/axioms/axioms/Introduction.html,Introduction,PASS,Introduction__347cf12ea5.html,Introduction__347cf12ea5.md,24aa81cc28020de6477cdcb30ba061d7112f01b1bb109839e3e0d000041a9165,
24,https://webhome.phy.duke.edu/~rgb/Philosophy/axioms/axioms/Laws_Thought.html,The Laws of Thought,PASS,Laws_Thought__9c8a283421.html,Laws_Thought__9c8a283421.md,12135212205777f8f726ee0402bdb16d06a961bdaa56b94640fa5a5ab32f408a,
25,https://webhome.phy.duke.edu/~rgb/Philosophy/axioms/axioms/Logic.html,Logic,PASS,Logic__acd9b5cf8f.html,Logic__acd9b5cf8f.md,20297f0bff27ea496a108843680c1d03f4b84cfc882b0562e5987e4009d0770c,
26,https://webhome.phy.duke.edu/~rgb/Philosophy/axioms/axioms/Making_Living_as.html,Making a Living as an Early Philosopher,PASS,Making_Living_as__b332eab5b5.html,Making_Living_as__b332eab5b5.md,6130b456dca85b55d2a88dcd28fe14a051d9cfa5a805cc2de7aa3b4b94f37398,
27,https://webhome.phy.duke.edu/~rgb/Philosophy/axioms/axioms/Memetic_analysis_Superorgan.html,Memetic analysis of the Superorganism,PASS,Memetic_analysis_Superorgan__7ed02f7b7e.html,Memetic_analysis_Superorgan__7ed02f7b7e.md,00564ee922ff044f094b2444d300e563e234167243e4a4a8c8822fbe3f4001f1,
28,https://webhome.phy.duke.edu/~rgb/Philosophy/axioms/axioms/Meta_Axioms.html,Meta-Axioms,PASS,Meta_Axioms__3a858605b9.html,Meta_Axioms__3a858605b9.md,f819f7d5d66465f4cc3bf606b87a1259b66adb1ff8c4810ea0d318fa216a9f1b,
29,https://webhome.phy.duke.edu/~rgb/Philosophy/axioms/axioms/Naive_Set_versus.html,Naive Set versus Axiomatic Set Theories,PASS,Naive_Set_versus__2549067b9f.html,Naive_Set_versus__2549067b9f.md,abc6907f525c9e27fcecad7aae3cdbf2132a55a8a5834f008a579e9ed37bf10f,
30,https://webhome.phy.duke.edu/~rgb/Philosophy/axioms/axioms/Null_Set.html,The Null Set,PASS,Null_Set__c7e75db66a.html,Null_Set__c7e75db66a.md,f7bec6168938ca4d611d1bc18b35f694ea351c5f3b77b13252b40ed977ca4cfc,
31,https://webhome.phy.duke.edu/~rgb/Philosophy/axioms/axioms/Paradoxes.html,Paradoxes,PASS,Paradoxes__5112c42e62.html,Paradoxes__5112c42e62.md,ee6dcac9135ba166a8c35e8a00b81cf50be93ecd0f32d8d99fcde45c756aac35,
32,https://webhome.phy.duke.edu/~rgb/Philosophy/axioms/axioms/Philosophy.html,Philosophy,PASS,Philosophy__10e14a45b4.html,Philosophy__10e14a45b4.md,ffbe903ccef518e34c80d83cdd72eb92b0b8ea32aacae7dc072c38c9609a63d6,
33,https://webhome.phy.duke.edu/~rgb/Philosophy/axioms/axioms/Philosophy_is_Bullshit.html,Philosophy is Bullshit,PASS,Philosophy_is_Bullshit__0ead353017.html,Philosophy_is_Bullshit__0ead353017.md,171ea4eb68962f98d1b6c91369ab3e4a946cb811c47cec094af88dec7c6179ea,
34,https://webhome.phy.duke.edu/~rgb/Philosophy/axioms/axioms/Pit_Existential_Despair.html,The Pit of Existential Despair,PASS,Pit_Existential_Despair__7c52d4849d.html,Pit_Existential_Despair__7c52d4849d.md,00fafefb6f7d243e8f80a72f120807ebce0dad74288d174ae7bd972845e3739b,
35,https://webhome.phy.duke.edu/~rgb/Philosophy/axioms/axioms/Power_Set.html,The Power Set,PASS,Power_Set__3af6d5b66b.html,Power_Set__3af6d5b66b.md,71ed87259579a3779118cdb3c8c7ea43bf4db6e99119de22cca39df6cfe262de,
36,https://webhome.phy.duke.edu/~rgb/Philosophy/axioms/axioms/Preface.html,Preface,PASS,Preface__aa564b83e1.html,Preface__aa564b83e1.md,dc5ed1fe347a8bacb26333966a541d6b906d543dcb67abb3f7a932b088bf1097,
37,https://webhome.phy.duke.edu/~rgb/Philosophy/axioms/axioms/Primate_Philosophy.html,Primate Philosophy,PASS,Primate_Philosophy__24d86a1ec3.html,Primate_Philosophy__24d86a1ec3.md,aac37b211cc71acf58df73d9dffc437a997f03d09b7252bb8b671b4e102178c9,
38,https://webhome.phy.duke.edu/~rgb/Philosophy/axioms/axioms/Proof_Silliness_Fairy.html,Proof by Silliness: Fairy Philosophy,PASS,Proof_Silliness_Fairy__72437df30b.html,Proof_Silliness_Fairy__72437df30b.md,51ee3550d49b1cdb92694d7b5ff1663b6b3203b6facbecea8ccd7d0099629f77,
39,https://webhome.phy.duke.edu/~rgb/Philosophy/axioms/axioms/Quantum_Theory_Laws.html,Quantum Theory and the Laws of Thought,PASS,Quantum_Theory_Laws__66a41bb612.html,Quantum_Theory_Laws__66a41bb612.md,f4068dbadda5f974b1c1f97b347566f06b21debf5070bca658de749ddcc3a02b,
40,https://webhome.phy.duke.edu/~rgb/Philosophy/axioms/axioms/Reason_its_Limitations.html,Reason and its Limitations,PASS,Reason_its_Limitations__69205e9556.html,Reason_its_Limitations__69205e9556.md,182040bad37d8574238a5958a0e6d97540e447955f1921235d1c764464a4ab76,
41,https://webhome.phy.duke.edu/~rgb/Philosophy/axioms/axioms/Religion_versus_Science.html,Religion versus Science: Axiom Wars,PASS,Religion_versus_Science__41c3f8a05b.html,Religion_versus_Science__41c3f8a05b.md,6442dc9c0fe7be3573ca9446a0ead6369cf2259ee63bdbc17e13aa605f8baf38,
42,https://webhome.phy.duke.edu/~rgb/Philosophy/axioms/axioms/Set_Theory_Laws.html,Set Theory and the Laws of Thought,PASS,Set_Theory_Laws__9591379a28.html,Set_Theory_Laws__9591379a28.md,a20ef32b4ac38651ced25df8b3082855ae4dad97308c72adc3975fc3c70e9239,
43,https://webhome.phy.duke.edu/~rgb/Philosophy/axioms/axioms/Set_Theory_Thought.html,Set Theory of Thought,PASS,Set_Theory_Thought__6427a1ae6d.html,Set_Theory_Thought__6427a1ae6d.md,482b4d2729b89c8a6e96659fb88fed0305bdbb15786d1ca438ad747b08d50577,
44,https://webhome.phy.duke.edu/~rgb/Philosophy/axioms/axioms/Shaving_Barber_with.html,Shaving the Barber with the Razor of Ockham,PASS,Shaving_Barber_with__61c67e2f9a.html,Shaving_Barber_with__61c67e2f9a.md,99c30f2778625f90a8ddbe86542de259f51fb27b9e80c5c05901772a7d28127e,
45,https://webhome.phy.duke.edu/~rgb/Philosophy/axioms/axioms/Summary.html,Summary,PASS,Summary__d0c9d85c88.html,Summary__d0c9d85c88.md,c1b777ece7c15c20fcfbc846176c657c7b298dad15855ee1c6838d28290904af,
46,https://webhome.phy.duke.edu/~rgb/Philosophy/axioms/axioms/Thought_Joy_Sets.html,Thought and the Joy of Sets,PASS,Thought_Joy_Sets__ca57c8cb44.html,Thought_Joy_Sets__ca57c8cb44.md,4381dfeec73526aa3c4253be5dcd77834d5564c3eb53d4bb5ee80307754a04ce,
47,https://webhome.phy.duke.edu/~rgb/Philosophy/axioms/axioms/Wanted_Answers_some.html,Wanted: Answers to some Big Questions,PASS,Wanted_Answers_some__2fe7425d04.html,Wanted_Answers_some__2fe7425d04.md,76c132d0e2a1ffbb30fc0d084f4c17378e0daa70a203149357a873c2b7a2da6b,
48,https://webhome.phy.duke.edu/~rgb/Philosophy/axioms/axioms/What_s_Axiom.html,What's an Axiom?,PASS,What_s_Axiom__eeb2f0aee7.html,What_s_Axiom__eeb2f0aee7.md,89c4a79a863fc5548faa3e52eb0f72a7b1ab4b92ee816a3a7fd02603cd1b2458,
49,https://webhome.phy.duke.edu/~rgb/Philosophy/axioms/axioms/Why_Descartes_Proof.html,Why Descartes Proof of God's Existence is Bullshit,PASS,Why_Descartes_Proof__df1c164ef3.html,Why_Descartes_Proof__df1c164ef3.md,584e709a6d924a46d00c3886085319c2e84a880564b03f4f87e97f19588be2f4,
50,https://webhome.phy.duke.edu/~rgb/Philosophy/axioms/axioms/Why_Intelligent_Design.html,Why the Intelligent Design ``Theory'' is Bullshit,PASS,Why_Intelligent_Design__c9916d4ff0.html,Why_Intelligent_Design__c9916d4ff0.md,084430bdd230b847a142de291b4372de1f605f89f5c0e8d9071e2c59f9cdc4c8,
51,https://webhome.phy.duke.edu/~rgb/Philosophy/axioms/axioms/Why_Life_Liberty.html,"Why Life, Liberty and Pursuit of Happiness is Bullshit",PASS,Why_Life_Liberty__d1711fd2ff.html,Why_Life_Liberty__d1711fd2ff.md,30f920d8797a4a294a0c0f2b91a9d8b98f052e59b38d2a4e818be3046d20cf07,
52,https://webhome.phy.duke.edu/~rgb/Philosophy/axioms/axioms/Why_Logical_Positivism.html,Why Logical Positivism is Bullshit,PASS,Why_Logical_Positivism__c35a1d3ab8.html,Why_Logical_Positivism__c35a1d3ab8.md,f8554a45a0514a103b24d24e35c76e7e54be852b6974cfa4ef9f3330c17dc8b7,
53,https://webhome.phy.duke.edu/~rgb/Philosophy/axioms/axioms/Why_Ontological_Proof.html,Why the Ontological Proof of God's Existence is Bullshit,PASS,Why_Ontological_Proof__dcdac529c0.html,Why_Ontological_Proof__dcdac529c0.md,8bf311670dfa14128b3a2d3ed8515c0a1873263eafbf36b1640332588a6fcd87,
54,https://webhome.phy.duke.edu/~rgb/Philosophy/axioms/axioms/Why_Religious_Scripture.html,Why Religious Scripture is (without exception) Bullshit,PASS,Why_Religious_Scripture__0f9c7190c2.html,Why_Religious_Scripture__0f9c7190c2.md,6dd85bf56d5a95a0a8a6773fab6d7b5adfeabac51eccbae9fcbf152bf4626b29,
55,https://webhome.phy.duke.edu/~rgb/Philosophy/axioms/axioms/Why_Science_Natural.html,Why Science (Natural Philosophy) is Bullshit,PASS,Why_Science_Natural__1f38c63a0d.html,Why_Science_Natural__1f38c63a0d.md,e793b9541871008efdcd7e1437443f8cd8ddcc386786f50a249660833c2d477f,
56,https://webhome.phy.duke.edu/~rgb/Philosophy/axioms/axioms/Why_Solipsism_is.html,Why Solipsism is Bullshit,PASS,Why_Solipsism_is__874f7fd943.html,Why_Solipsism_is__874f7fd943.md,6ec63b8897b893b838e3549f48c24b63e48ff385be0cf01443642e7db19d54b2,
57,https://webhome.phy.duke.edu/~rgb/Philosophy/axioms/axioms/You_Are_Your.html,You ``Are'' Your Axioms,PASS,You_Are_Your__35753abc3b.html,You_Are_Your__35753abc3b.md,c3a615fe20724556aa0b52f876d09651f28d042b3275ee56eff95374c8f21c13,
58,https://webhome.phy.duke.edu/~rgb/Philosophy/axioms/axioms/axioms.html,axioms,PASS,axioms__d9619ff00d.html,axioms__d9619ff00d.md,b91f87873187ce2957dd8e93e878496c306b306e2f6db28c47f807d397d60552,
59,https://webhome.phy.duke.edu/~rgb/Philosophy/axioms/axioms/index.html,axioms,PASS,index__f074e9b781.html,index__f074e9b781.md,b91f87873187ce2957dd8e93e878496c306b306e2f6db28c47f807d397d60552,
