case_id,case_title,priority_order,status,notes
CASE-0001,illuminati,1,seeded,
CASE-0002,conspiracy theories,2,seeded,
CASE-0003,flat earth,3,seeded,
CASE-0004,area 51,4,seeded,
CASE-0005,new world order,5,seeded,
CASE-0006,MKUltra,6,seeded,
CASE-0007,chemtrails,7,seeded,
CASE-0008,Bigfoot,8,seeded,
CASE-0009,reptilians,9,seeded,
CASE-0010,freemasons,10,seeded,
CASE-0011,moon landing conspiracy,11,seeded,
CASE-0012,deep state,12,seeded,
CASE-0013,9/11 conspiracy,13,seeded,
CASE-0014,Rothschild family,14,seeded,
CASE-0015,Bilderberg Group,15,seeded,
CASE-0016,JFK assassination conspiracy,16,seeded,
CASE-0017,HAARP,17,seeded,
CASE-0018,antichrist,18,seeded,
CASE-0019,end times,19,seeded,
CASE-0020,Epstein conspiracy,20,seeded,
CASE-0021,fluoride conspiracy,21,seeded,
CASE-0022,COINTELPRO,22,seeded,
CASE-0023,vaccine conspiracy,23,seeded,
CASE-0024,Skull and Bones,24,seeded,
CASE-0025,Bohemian Grove,25,seeded,
CASE-0026,FEMA camps,26,seeded,
CASE-0027,Operation Paperclip,27,seeded,
CASE-0028,Pizzagate,28,seeded,
CASE-0029,QAnon,29,seeded,
CASE-0030,Georgia Guidestones,30,seeded,
CASE-0031,Federal Reserve conspiracy,31,seeded,
CASE-0032,Operation Northwoods,32,seeded,
CASE-0033,Gulf of Tonkin,33,seeded,
CASE-0034,Philadelphia Experiment,34,seeded,
CASE-0035,Mandela Effect,35,seeded,
CASE-0036,Project Blue Beam,36,seeded,
CASE-0037,CIA drug trafficking,37,seeded,
CASE-0038,Sandy Hook conspiracy,38,seeded,
CASE-0039,Agenda 21,39,seeded,
CASE-0040,mark of the beast,40,seeded,
CASE-0041,rapture,41,seeded,
CASE-0042,Trilateral Commission,42,seeded,
CASE-0043,weather modification,43,seeded,
CASE-0044,Building 7,44,seeded,
CASE-0045,5G conspiracy,45,seeded,
CASE-0046,Baba Vanga predictions,46,seeded,
CASE-0047,Nostradamus predictions,47,seeded,
CASE-0048,Denver Airport conspiracy,48,seeded,
CASE-0049,CIA heart attack gun,49,seeded,
CASE-0050,Great Reset,50,seeded,
CASE-0051,Operation Mockingbird,51,seeded,
CASE-0052,Majestic 12,52,seeded,
CASE-0053,secret space program,53,seeded,
CASE-0054,Waco siege,54,seeded,
CASE-0055,Council on Foreign Relations,55,seeded,
CASE-0056,predictive programming,56,seeded,
CASE-0057,martial law,57,seeded,
CASE-0058,blood sacrifice,58,seeded,
CASE-0059,adrenochrome,59,seeded,
CASE-0060,third temple,60,seeded,
CASE-0061,Operation Gladio,61,seeded,
CASE-0062,Ruby Ridge,62,seeded,
CASE-0063,Bohemian Club,63,seeded,
CASE-0064,UFO disclosure,64,seeded,
CASE-0065,Montauk Project,65,seeded,
CASE-0066,false flag operations,66,seeded,
CASE-0067,dead internet theory,67,seeded,
CASE-0068,Project Monarch,68,seeded,
CASE-0069,targeted individuals,69,seeded,
CASE-0070,world government,70,seeded,
CASE-0071,Iran Contra,71,seeded,
CASE-0072,CIA black sites,72,seeded,
CASE-0073,mass surveillance,73,seeded,
CASE-0074,blood moon prophecy,74,seeded,
CASE-0075,ancient aliens,75,seeded,
CASE-0076,geoengineering,76,seeded,
CASE-0077,crisis actors,77,seeded,
CASE-0078,Rothschild banking,78,seeded,
CASE-0079,Protocols of Zion,79,seeded,
CASE-0080,Nikola Tesla conspiracy,80,seeded,
CASE-0081,Dulce Base,81,seeded,
CASE-0082,Vatican secrets,82,seeded,
CASE-0083,Agenda 2030,83,seeded,
CASE-0084,missing 411,84,seeded,
CASE-0085,executive orders conspiracy,85,seeded,
CASE-0086,Roswell incident,86,seeded,
CASE-0087,USS Liberty,87,seeded,
CASE-0088,October Surprise 1980,88,seeded,
CASE-0089,Phoenix Lights,89,seeded,
CASE-0090,Club of Rome,90,seeded,
CASE-0091,Tuskegee experiment,91,seeded,
CASE-0092,Project ARTICHOKE,92,seeded,
CASE-0093,Lavon Affair,93,seeded,
CASE-0094,fractional reserve banking,94,seeded,
CASE-0095,Rendlesham Forest,95,seeded,
CASE-0096,seven seals revelation,96,seeded,
CASE-0097,four horsemen,97,seeded,
CASE-0098,black budget,98,seeded,
CASE-0099,Satanic panic,99,seeded,
CASE-0100,Bilderberg 2026,100,seeded,
CASE-0101,DARPA conspiracy,101,seeded,
CASE-0102,shadow government,102,seeded,
CASE-0103,Rockefeller conspiracy,103,seeded,
CASE-0104,Project Blue Book,104,seeded,
CASE-0105,transhumanism,105,seeded,
CASE-0106,water fluoridation,106,seeded,
CASE-0107,depopulation agenda,107,seeded,
CASE-0108,Daniel prophecy,108,seeded,
CASE-0109,Ezekiel 38 war,109,seeded,
CASE-0110,Operation CHAOS,110,seeded,
CASE-0111,Wuhan lab leak,111,seeded,
CASE-0112,central banking conspiracy,112,seeded,
CASE-0113,food industry conspiracy,113,seeded,
CASE-0114,pharmaceutical conspiracy,114,seeded,
CASE-0115,Matthew 24 signs,115,seeded,
CASE-0116,Revelation timeline,116,seeded,
CASE-0117,MK Ultra survivors,117,seeded,
CASE-0118,NSA wiretapping,118,seeded,
CASE-0119,globalist agenda,119,seeded,
CASE-0120,Israel Palestine conspiracy,120,seeded,
CASE-0121,two witnesses Revelation,121,seeded,
CASE-0122,red heifer prophecy,122,seeded,
CASE-0123,Isaiah 17 Damascus,123,seeded,
CASE-0124,Psalm 83 war,124,seeded,
CASE-0125,666 meaning,125,seeded,
CASE-0126,great tribulation,126,seeded,
CASE-0127,abomination of desolation,127,seeded,
CASE-0128,Armageddon,128,seeded,
CASE-0129,one world religion,129,seeded,
CASE-0130,Abraham Accords prophecy,130,seeded,
CASE-0131,Operation Condor,131,seeded,
CASE-0132,Bohemian Grove Cremation of Care,132,seeded,
CASE-0133,ECHELON,133,seeded,
CASE-0134,suppressed inventions,134,seeded,
CASE-0135,Georgia Guidestones text,135,seeded,
CASE-0136,Clinton body count,136,seeded,
CASE-0137,underground bases,137,seeded,
CASE-0138,Tic Tac UFO,138,seeded,
CASE-0139,Project Veritas,139,seeded,
CASE-0140,World Economic Forum conspiracy,140,seeded,
CASE-0141,CERN conspiracy,141,seeded,
CASE-0142,organ harvesting,142,seeded,
CASE-0143,Jesuits conspiracy,143,seeded,
CASE-0144,AIDS manufactured,144,seeded,
CASE-0145,Federal Reserve Act 1913,145,seeded,
CASE-0146,Revelation 12 sign,146,seeded,
CASE-0147,Temple Mount,147,seeded,
CASE-0148,Nephilim,148,seeded,
CASE-0149,Sumerian Anunnaki,149,seeded,
CASE-0150,Operation Ajax,150,seeded,
CASE-0151,Georgia runoff conspiracy,151,seeded,
CASE-0152,Blackrock conspiracy,152,seeded,
CASE-0153,smart meter conspiracy,153,seeded,
CASE-0154,Georgia Stones destruction,154,seeded,
CASE-0155,USS Indianapolis,155,seeded,
CASE-0156,banking cartel,156,seeded,
CASE-0157,cancer cure suppressed,157,seeded,
CASE-0158,planned obsolescence,158,seeded,
CASE-0159,Davos conspiracy,159,seeded,
CASE-0160,Maui fires conspiracy,160,seeded,
CASE-0161,GMO conspiracy,161,seeded,
CASE-0162,oil conspiracy,162,seeded,
CASE-0163,media manipulation,163,seeded,
CASE-0164,cashless society conspiracy,164,seeded,
CASE-0165,Operation Warp Speed,165,seeded,
CASE-0166,Antarctica conspiracy,166,seeded,
CASE-0167,Tartaria,167,seeded,
CASE-0168,stolen election 2020,168,seeded,
CASE-0169,Soros conspiracy,169,seeded,
CASE-0170,Bohemian Grove guest list,170,seeded,
CASE-0171,rapture date predictions,171,seeded,
CASE-0172,Israel prophecy,172,seeded,
CASE-0173,one world currency,173,seeded,
CASE-0174,AI antichrist,174,seeded,
CASE-0175,ten kings prophecy,175,seeded,
CASE-0176,two state solution prophecy,176,seeded,
CASE-0177,Gog Magog war,177,seeded,
CASE-0178,millennial reign,178,seeded,
CASE-0179,seal judgments,179,seeded,
CASE-0180,trumpet judgments,180,seeded,
CASE-0181,Event 201,181,seeded,
CASE-0182,Gain of function research,182,seeded,
CASE-0183,USS Pueblo,183,seeded,
CASE-0184,Havana Syndrome,184,seeded,
CASE-0185,alien abduction,185,seeded,
CASE-0186,secret societies list,186,seeded,
CASE-0187,Pentagon missing trillions,187,seeded,
CASE-0188,Bohemian Grove owl,188,seeded,
CASE-0189,MH370 conspiracy,189,seeded,
CASE-0190,TWA 800,190,seeded,
CASE-0191,weather warfare,191,seeded,
CASE-0192,aspartame conspiracy,192,seeded,
CASE-0193,social credit system,193,seeded,
CASE-0194,Bohemian Grove Nixon,194,seeded,
CASE-0195,Bilderberg attendees,195,seeded,
CASE-0196,directed energy weapons,196,seeded,
CASE-0197,UFO crash retrieval,197,seeded,
CASE-0198,cattle mutilation,198,seeded,
CASE-0199,Dulles brothers,199,seeded,
CASE-0200,Paul McCartney death conspiracy,200,seeded,
CASE-0201,Operation Midnight Climax,201,seeded,
CASE-0202,Bay of Pigs conspiracy,202,seeded,
CASE-0203,Watergate deeper conspiracy,203,seeded,
CASE-0204,Pentagon Papers,204,seeded,
CASE-0205,Project Stargate remote viewing,205,seeded,
CASE-0206,CIA assassination attempts Castro,206,seeded,
CASE-0207,Operation Timber Sycamore,207,seeded,
CASE-0208,Rex 84,208,seeded,
CASE-0209,Operation Fast and Furious,209,seeded,
CASE-0210,Benghazi conspiracy,210,seeded,
CASE-0211,IRS targeting scandal,211,seeded,
CASE-0212,NSA Room 641A,212,seeded,
CASE-0213,Stuxnet,213,seeded,
CASE-0214,Operation Acoustic Kitty,214,seeded,
CASE-0215,DARPA LifeLog Facebook,215,seeded,
CASE-0216,In-Q-Tel CIA venture capital,216,seeded,
CASE-0217,Total Information Awareness,217,seeded,
CASE-0218,Carnivore FBI surveillance,218,seeded,
CASE-0219,PROMIS software conspiracy,219,seeded,
CASE-0220,Danny Casolaro Octopus,220,seeded,
CASE-0221,Operation Ore,221,seeded,
CASE-0222,MKULTRA Canada,222,seeded,
CASE-0223,Church Committee findings,223,seeded,
CASE-0224,Pike Committee,224,seeded,
CASE-0225,Executive Order 11110,225,seeded,
CASE-0226,Project SHAD,226,seeded,
CASE-0227,Operation Big Buzz,227,seeded,
CASE-0228,Operation Sea Spray,228,seeded,
CASE-0229,Tuskegee airmen vs experiment,229,seeded,
CASE-0230,USS Maine conspiracy,230,seeded,
CASE-0231,vaccine autism link,231,seeded,
CASE-0232,Wakefield study fraud,232,seeded,
CASE-0233,thimerosal mercury vaccines,233,seeded,
CASE-0234,SV40 contamination,234,seeded,
CASE-0235,statin conspiracy,235,seeded,
CASE-0236,mammography screening conspiracy,236,seeded,
CASE-0237,psychiatry conspiracy,237,seeded,
CASE-0238,SSRI school shootings,238,seeded,
CASE-0239,MSG conspiracy,239,seeded,
CASE-0240,seed oil conspiracy,240,seeded,
CASE-0241,sugar industry cover up,241,seeded,
CASE-0242,tobacco science playbook,242,seeded,
CASE-0243,opioid crisis conspiracy,243,seeded,
CASE-0244,Purdue Pharma,244,seeded,
CASE-0245,ivermectin suppressed,245,seeded,
CASE-0246,hydroxychloroquine conspiracy,246,seeded,
CASE-0247,Lyme disease bioweapon,247,seeded,
CASE-0248,Plum Island bioweapon,248,seeded,
CASE-0249,mycoplasma fermentans,249,seeded,
CASE-0250,Morgellons disease,250,seeded,
CASE-0251,gold price manipulation,251,seeded,
CASE-0252,silver market manipulation,252,seeded,
CASE-0253,LIBOR scandal,253,seeded,
CASE-0254,forex rigging scandal,254,seeded,
CASE-0255,Panama Papers,255,seeded,
CASE-0256,Paradise Papers,256,seeded,
CASE-0257,Pandora Papers,257,seeded,
CASE-0258,offshore tax havens,258,seeded,
CASE-0259,ESG conspiracy,259,seeded,
CASE-0260,Vanguard Blackrock conspiracy,260,seeded,
CASE-0261,Bitcoin created by CIA,261,seeded,
CASE-0262,cryptocurrency conspiracy,262,seeded,
CASE-0263,petrodollar conspiracy,263,seeded,
CASE-0264,Nixon gold standard,264,seeded,
CASE-0265,PPT Plunge Protection Team,265,seeded,
CASE-0266,Exchange Stabilization Fund,266,seeded,
CASE-0267,quantitative easing conspiracy,267,seeded,
CASE-0268,Wall Street bailout conspiracy,268,seeded,
CASE-0269,GameStop conspiracy,269,seeded,
CASE-0270,dark pools conspiracy,270,seeded,
CASE-0271,Daniel statue prophecy,271,seeded,
CASE-0272,seventy weeks of Daniel,272,seeded,
CASE-0273,fig tree generation prophecy,273,seeded,
CASE-0274,Jubilee year prophecy,274,seeded,
CASE-0275,Shemitah cycle,275,seeded,
CASE-0276,blood covenant prophecy,276,seeded,
CASE-0277,Ezekiel dry bones prophecy,277,seeded,
CASE-0278,Zechariah 14 prophecy,278,seeded,
CASE-0279,Obadiah Edom prophecy,279,seeded,
CASE-0280,Joel locust army prophecy,280,seeded,
CASE-0281,Micah 5 Bethlehem prophecy,281,seeded,
CASE-0282,Isaiah 53 suffering servant,282,seeded,
CASE-0283,Psalm 22 crucifixion prophecy,283,seeded,
CASE-0284,Daniel 12 sealed book,284,seeded,
CASE-0285,Revelation 13 beast system,285,seeded,
CASE-0286,Babylon the Great,286,seeded,
CASE-0287,Mystery Babylon America,287,seeded,
CASE-0288,Whore of Babylon,288,seeded,
CASE-0289,false prophet Revelation,289,seeded,
CASE-0290,144000 Revelation,290,seeded,
CASE-0291,new Jerusalem,291,seeded,
CASE-0292,lake of fire,292,seeded,
CASE-0293,sheep goat judgment,293,seeded,
CASE-0294,white throne judgment,294,seeded,
CASE-0295,wedding supper of the Lamb,295,seeded,
CASE-0296,parable ten virgins,296,seeded,
CASE-0297,Elijah must come first,297,seeded,
CASE-0298,John the Baptist Elijah,298,seeded,
CASE-0299,Enoch taken prophecy,299,seeded,
CASE-0300,Methuselah prophecy name,300,seeded,
CASE-0301,tower of Babel conspiracy,301,seeded,
CASE-0302,Nimrod one world government,302,seeded,
CASE-0303,Genesis 6 conspiracy,303,seeded,
CASE-0304,Book of Enoch conspiracy,304,seeded,
CASE-0305,Dead Sea Scrolls cover up,305,seeded,
CASE-0306,Nag Hammadi texts,306,seeded,
CASE-0307,lost books of the Bible,307,seeded,
CASE-0308,Council of Nicaea conspiracy,308,seeded,
CASE-0309,Bible changed conspiracy,309,seeded,
CASE-0310,King James Bible conspiracy,310,seeded,
CASE-0311,Septuagint vs Masoretic,311,seeded,
CASE-0312,textual criticism Bible,312,seeded,
CASE-0313,Isaiah 7 14 virgin prophecy,313,seeded,
CASE-0314,Immanuel prophecy,314,seeded,
CASE-0315,Jeremiah 29 11 context,315,seeded,
CASE-0316,2 Chronicles 7 14 prophecy,316,seeded,
CASE-0317,Hosea prophecy fulfilled,317,seeded,
CASE-0318,Amos earthquake prophecy,318,seeded,
CASE-0319,Habakkuk end times,319,seeded,
CASE-0320,Malachi 4 Elijah,320,seeded,
CASE-0321,Acts 2 last days,321,seeded,
CASE-0322,1 Thessalonians rapture,322,seeded,
CASE-0323,Bob Lazar Area 51,323,seeded,
CASE-0324,Travis Walton abduction,324,seeded,
CASE-0325,Skinwalker Ranch,325,seeded,
CASE-0326,Dyatlov Pass conspiracy,326,seeded,
CASE-0327,Bermuda Triangle,327,seeded,
CASE-0328,Nazca Lines aliens,328,seeded,
CASE-0329,crop circles,329,seeded,
CASE-0330,men in black real,330,seeded,
CASE-0331,Roswell autopsy film,331,seeded,
CASE-0332,Betty Hill star map,332,seeded,
CASE-0333,Kecksburg UFO incident,333,seeded,
CASE-0334,Shag Harbour UFO,334,seeded,
CASE-0335,Westall UFO 1966,335,seeded,
CASE-0336,Zimbabwe school UFO 1994,336,seeded,
CASE-0337,Varginha UFO Brazil,337,seeded,
CASE-0338,Belgian UFO wave,338,seeded,
CASE-0339,Japan Airlines Flight 1628,339,seeded,
CASE-0340,Colares UFO Brazil,340,seeded,
CASE-0341,Valensole UFO encounter,341,seeded,
CASE-0342,Pascagoula abduction,342,seeded,
CASE-0343,social media censorship,343,seeded,
CASE-0344,Section 230 conspiracy,344,seeded,
CASE-0345,Twitter Files,345,seeded,
CASE-0346,Facebook Cambridge Analytica,346,seeded,
CASE-0347,Google censorship,347,seeded,
CASE-0348,YouTube algorithm manipulation,348,seeded,
CASE-0349,Palantir surveillance,349,seeded,
CASE-0350,Clearview AI facial recognition,350,seeded,
CASE-0351,Ring doorbell police access,351,seeded,
CASE-0352,Pegasus spyware,352,seeded,
CASE-0353,China TikTok spying,353,seeded,
CASE-0354,Huawei backdoor,354,seeded,
CASE-0355,smart TV spying,355,seeded,
CASE-0356,Alexa always listening,356,seeded,
CASE-0357,Siri recording conversations,357,seeded,
CASE-0358,location tracking conspiracy,358,seeded,
CASE-0359,metadata surveillance,359,seeded,
CASE-0360,predictive policing,360,seeded,
CASE-0361,AI deepfake elections,361,seeded,
CASE-0362,synthetic media manipulation,362,seeded,
CASE-0363,Lusitania conspiracy,363,seeded,
CASE-0364,Pearl Harbor foreknowledge,364,seeded,
CASE-0365,Reichstag fire false flag,365,seeded,
CASE-0366,Lincoln assassination conspiracy,366,seeded,
CASE-0367,Archduke Ferdinand conspiracy,367,seeded,
CASE-0368,Nero burned Rome,368,seeded,
CASE-0369,Knights Templar treasure,369,seeded,
CASE-0370,Holy Grail conspiracy,370,seeded,
CASE-0371,Ark of the Covenant location,371,seeded,
CASE-0372,Spear of Destiny,372,seeded,
CASE-0373,Shroud of Turin conspiracy,373,seeded,
CASE-0374,Voynich Manuscript,374,seeded,
CASE-0375,Oak Island mystery,375,seeded,
CASE-0376,Roanoke colony conspiracy,376,seeded,
CASE-0377,Sphinx water erosion,377,seeded,
CASE-0378,Gobekli Tepe civilization reset,378,seeded,
CASE-0379,Younger Dryas impact theory,379,seeded,
CASE-0380,lost civilization evidence,380,seeded,
CASE-0381,library of Alexandria conspiracy,381,seeded,
CASE-0382,Smithsonian giant cover up,382,seeded,
CASE-0383,Knights of Malta,383,seeded,
CASE-0384,Opus Dei conspiracy,384,seeded,
CASE-0385,Priory of Sion,385,seeded,
CASE-0386,Rosicrucians,386,seeded,
CASE-0387,Order of the Eastern Star,387,seeded,
CASE-0388,Shriners conspiracy,388,seeded,
CASE-0389,Thule Society,389,seeded,
CASE-0390,Vril Society,390,seeded,
CASE-0391,Golden Dawn occult,391,seeded,
CASE-0392,Ordo Templi Orientis,392,seeded,
CASE-0393,Aleister Crowley conspiracy,393,seeded,
CASE-0394,Jack Parsons occult,394,seeded,
CASE-0395,Theosophical Society conspiracy,395,seeded,
CASE-0396,Lucis Trust UN conspiracy,396,seeded,
CASE-0397,Fabian Society conspiracy,397,seeded,
CASE-0398,Round Table Groups,398,seeded,
CASE-0399,Cecil Rhodes conspiracy,399,seeded,
CASE-0400,Committee of 300,400,seeded,
CASE-0401,13 bloodlines,401,seeded,
CASE-0402,black nobility,402,seeded,
CASE-0403,climate change hoax,403,seeded,
CASE-0404,Climategate emails,404,seeded,
CASE-0405,oil company climate deception,405,seeded,
CASE-0406,IPCC conspiracy,406,seeded,
CASE-0407,carbon tax conspiracy,407,seeded,
CASE-0408,green new deal conspiracy,408,seeded,
CASE-0409,electric vehicle conspiracy,409,seeded,
CASE-0410,nuclear energy suppressed,410,seeded,
CASE-0411,BP oil spill cover up,411,seeded,
CASE-0412,Fukushima cover up,412,seeded,
CASE-0413,Chernobyl conspiracy,413,seeded,
CASE-0414,depleted uranium cover up,414,seeded,
CASE-0415,Agent Orange cover up,415,seeded,
CASE-0416,Flint water crisis conspiracy,416,seeded,
CASE-0417,Camp Lejeune water contamination,417,seeded,
CASE-0418,voter fraud evidence,418,seeded,
CASE-0419,electoral college conspiracy,419,seeded,
CASE-0420,two party system conspiracy,420,seeded,
CASE-0421,gerrymandering conspiracy,421,seeded,
CASE-0422,Citizens United conspiracy,422,seeded,
CASE-0423,lobbying conspiracy,423,seeded,
CASE-0424,revolving door politics,424,seeded,
CASE-0425,regulatory capture,425,seeded,
CASE-0426,military industrial complex,426,seeded,
CASE-0427,war profiteering,427,seeded,
CASE-0428,assassination politics,428,seeded,
CASE-0429,political dynasty conspiracy,429,seeded,
CASE-0430,deep state evidence,430,seeded,
CASE-0431,administrative state conspiracy,431,seeded,
CASE-0432,UN Agenda conspiracy,432,seeded,
CASE-0433,WHO power grab conspiracy,433,seeded,
CASE-0434,pandemic treaty conspiracy,434,seeded,
CASE-0435,sovereignty conspiracy,435,seeded,
CASE-0436,North American Union conspiracy,436,seeded,
CASE-0437,Amero currency conspiracy,437,seeded,
CASE-0438,NAFTA conspiracy,438,seeded,
CASE-0439,TPP conspiracy,439,seeded,
CASE-0440,immigration conspiracy,440,seeded,
CASE-0441,replacement theory,441,seeded,
CASE-0442,Cultural Marxism conspiracy,442,seeded,
CASE-0443,Frankfurt School conspiracy,443,seeded,
CASE-0444,Operation Mockingbird modern,444,seeded,
CASE-0445,CIA Hollywood influence,445,seeded,
CASE-0446,Pentagon Hollywood office,446,seeded,
CASE-0447,propaganda model Chomsky,447,seeded,
CASE-0448,manufacturing consent,448,seeded,
CASE-0449,Yellow journalism conspiracy,449,seeded,
CASE-0450,Sinclair Broadcasting script,450,seeded,
CASE-0451,media blackout conspiracy,451,seeded,
CASE-0452,controlled opposition,452,seeded,
CASE-0453,limited hangout,453,seeded,
CASE-0454,Stratfor emails conspiracy,454,seeded,
CASE-0455,Wikileaks Podesta emails,455,seeded,
CASE-0456,DNC hack conspiracy,456,seeded,
CASE-0457,Seth Rich conspiracy,457,seeded,
CASE-0458,Coca-Cola hit squads,458,seeded,
CASE-0459,Nestle water conspiracy,459,seeded,
CASE-0460,Bayer Monsanto merger,460,seeded,
CASE-0461,Dupont Teflon cover up,461,seeded,
CASE-0462,3M PFAS cover up,462,seeded,
CASE-0463,Johnson and Johnson talc,463,seeded,
CASE-0464,Boeing 737 MAX cover up,464,seeded,
CASE-0465,Volkswagen emissions scandal,465,seeded,
CASE-0466,Theranos fraud,466,seeded,
CASE-0467,Enron conspiracy,467,seeded,
CASE-0468,Wells Fargo fake accounts,468,seeded,
CASE-0469,Facebook emotional manipulation,469,seeded,
CASE-0470,Manchurian Candidate real,470,seeded,
CASE-0471,hypnosis mind control,471,seeded,
CASE-0472,subliminal messaging,472,seeded,
CASE-0473,backmasking conspiracy,473,seeded,
CASE-0474,electronic mind control,474,seeded,
CASE-0475,voice to skull technology,475,seeded,
CASE-0476,Lilly wave mind control,476,seeded,
CASE-0477,Jose Delgado brain control,477,seeded,
CASE-0478,MKULTRA subprojects,478,seeded,
CASE-0479,Operation Midnight Climax details,479,seeded,
CASE-0480,Sidney Gottlieb biography,480,seeded,
CASE-0481,Ewen Cameron experiments,481,seeded,
CASE-0482,psychic driving,482,seeded,
CASE-0483,sensory deprivation experiments,483,seeded,
CASE-0484,brainwashing Korean War,484,seeded,
CASE-0485,Jonestown CIA conspiracy,485,seeded,
CASE-0486,hollow earth theory,486,seeded,
CASE-0487,expanding earth theory,487,seeded,
CASE-0488,electric universe theory,488,seeded,
CASE-0489,plasma cosmology,489,seeded,
CASE-0490,aether physics suppressed,490,seeded,
CASE-0491,cold fusion cover up,491,seeded,
CASE-0492,zero point energy,492,seeded,
CASE-0493,anti-gravity technology,493,seeded,
CASE-0494,time travel conspiracy,494,seeded,
CASE-0495,John Titor time traveler,495,seeded,
CASE-0496,Philadelphia Experiment details,496,seeded,
CASE-0497,multiverse conspiracy,497,seeded,
CASE-0498,simulation theory evidence,498,seeded,
CASE-0499,consciousness conspiracy,499,seeded,
CASE-0500,DMT conspiracy,500,seeded,
CASE-0501,pineal gland third eye,501,seeded,
CASE-0502,fluoride pineal gland,502,seeded,
CASE-0503,calcification pineal gland,503,seeded,
CASE-0504,near death experience conspiracy,504,seeded,
CASE-0505,remote viewing evidence,505,seeded,
CASE-0506,Las Vegas shooting conspiracy,506,seeded,
CASE-0507,Boston Marathon conspiracy,507,seeded,
CASE-0508,Pulse nightclub conspiracy,508,seeded,
CASE-0509,Parkland shooting conspiracy,509,seeded,
CASE-0510,January 6 conspiracy,510,seeded,
CASE-0511,January 6 FBI involvement,511,seeded,
CASE-0512,COVID lockdown conspiracy,512,seeded,
CASE-0513,mask mandate conspiracy,513,seeded,
CASE-0514,PCR test conspiracy,514,seeded,
CASE-0515,excess deaths conspiracy,515,seeded,
CASE-0516,myocarditis vaccine,516,seeded,
CASE-0517,VAERS data analysis,517,seeded,
CASE-0518,Nordstream pipeline conspiracy,518,seeded,
CASE-0519,Seymour Hersh Nordstream,519,seeded,
CASE-0520,Ukraine biolabs,520,seeded,
CASE-0521,Wagner Group conspiracy,521,seeded,
CASE-0522,Prigozhin death conspiracy,522,seeded,
CASE-0523,Navalny death conspiracy,523,seeded,
CASE-0524,balloon shoot down conspiracy,524,seeded,
CASE-0525,East Palestine train derailment,525,seeded,
CASE-0526,Denver murals meaning,526,seeded,
CASE-0527,dollar bill symbols,527,seeded,
CASE-0528,eye of providence,528,seeded,
CASE-0529,pentagram Washington DC,529,seeded,
CASE-0530,Masonic architecture DC,530,seeded,
CASE-0531,symbolic architecture,531,seeded,
CASE-0532,Saturn worship conspiracy,532,seeded,
CASE-0533,black cube symbolism,533,seeded,
CASE-0534,owl symbolism conspiracy,534,seeded,
CASE-0535,obelisk symbolism conspiracy,535,seeded,
CASE-0536,music industry conspiracy,536,seeded,
CASE-0537,27 club conspiracy,537,seeded,
CASE-0538,celebrity cloning,538,seeded,
CASE-0539,Hollywood pedophile ring,539,seeded,
CASE-0540,Diddy trafficking conspiracy,540,seeded,
CASE-0541,Weinstein conspiracy,541,seeded,
CASE-0542,Epstein Maxwell network,542,seeded,
CASE-0543,Ghislaine Maxwell trial,543,seeded,
CASE-0544,royal family conspiracy,544,seeded,
CASE-0545,Princess Diana conspiracy,545,seeded,
CASE-0546,mattress firm conspiracy,546,seeded,
CASE-0547,Wayfair conspiracy,547,seeded,
CASE-0548,Chuck E Cheese pizza conspiracy,548,seeded,
CASE-0549,Finland doesn't exist,549,seeded,
CASE-0550,Avril Lavigne replaced,550,seeded,
CASE-0551,Stevie Wonder can see,551,seeded,
CASE-0552,Andrew Carlssin time traveler,552,seeded,
CASE-0553,phantom time hypothesis,553,seeded,
CASE-0554,mud flood Tartaria,554,seeded,
CASE-0555,Toynbee tiles mystery,555,seeded,
