source_id,source_name,base_domain,source_type,credibility_tier,notes
SRC-001,National Archives,archives.gov,official_archive,high,US archival collections and declassified records
SRC-002,Congress.gov,congress.gov,official_legislative,high,Hearings bills reports and congressional records
SRC-003,Government Publishing Office,govinfo.gov,official_publication,high,Federal documents committee reports hearings
SRC-004,DOJ,justice.gov,official_agency,high,Criminal cases manuals press releases
SRC-005,FBI Vault,fbi.gov,official_agency,high,FOIA vault historical files and investigations
SRC-006,CIA Reading Room,cia.gov,official_agency,high,Declassified intelligence records
SRC-007,NSA,nsa.gov,official_agency,high,Declassified docs and surveillance history
SRC-008,GAO,gao.gov,official_audit,high,Audits investigations and oversight reports
SRC-009,National Security Archive,nsarchive.gwu.edu,independent_archive,high,Declassified collections and document sets
SRC-010,CourtListener,courtlistener.com,legal_archive,high,Cases dockets opinions and legal documents
SRC-011,SEC EDGAR,sec.gov,official_financial,high,Corporate filings disclosures and enforcement source trails
SRC-012,Britannica,britannica.com,reference,medium,High-level reference and context pages
