Path,Title,Folder,Words,Equations,Axioms,Bible_Cites,Math_Rigor_Score,Tier
\\dlowenas\zobsidian\Theophysics_Vault\00_REFINED_PAPERS_MASTER\02_Canonical_Treatises\NUMBERS_IN_GOD_CANONICAL_TREATISE.md,Numbers in God: The Reconciled Substrate,02_Canonical_Treatises,7346,38,3,27,100.0,Master Treatise
\\dlowenas\zobsidian\Theophysics_Vault\02_Evidence_Matrix\05_Fruits_Foundations_and_Ontology\part-zero-the-ground-v2.knowledge.md,"paper_id: ""AX-GND""",05_Fruits_Foundations_and_Ontology,29953,13,33,31,100.0,Master Treatise
\\dlowenas\zobsidian\Theophysics_Vault\02_Evidence_Matrix\32_Master_Equation_of_Reality\MASTER EQUATION × AXIOM FLOW THE UNIFIED DERIVATION.md,MASTER EQUATION × AXIOM FLOW: THE UNIFIED DERIVATION,32_Master_Equation_of_Reality,5229,13,12,2,100.0,Master Treatise
\\dlowenas\zobsidian\Theophysics_Vault\02_Evidence_Matrix\40_Knockout_Arguments_and_Interludes\the-interlude-four-decisive-knockout-arguments-before-the-derivation-chain.epistemic.md,The Interlude: Four Decisive Knockout Arguments Before the Derivation Chain,40_Knockout_Arguments_and_Interludes,4824,18,3,9,100.0,Master Treatise
\\dlowenas\zobsidian\Theophysics_Vault\00_REFINED_PAPERS_MASTER\03_Formal_Mathematical_Extensions\01_MATHEMATICAL_INTERROGATION_OF_THE_MASTER_EQUATION.md,"The Mathematical Interrogation of the Master Equation: Formal Extensions, Sensit",03_Formal_Mathematical_Extensions,2797,135,6,0,98.0,Comprehensive Essay
\\dlowenas\zobsidian\Theophysics_Vault\02_Evidence_Matrix\40_Knockout_Arguments_and_Interludes\interlude-four-decisive-arguments.knowledge.md,"paper_id: ""AX-INT4""",40_Knockout_Arguments_and_Interludes,3456,18,3,10,96.0,Comprehensive Essay
\\dlowenas\zobsidian\Theophysics_Vault\02_Evidence_Matrix\40_Knockout_Arguments_and_Interludes\interlude-three-decisive-arguments.knowledge.md,"paper_id: ""AX-INT3""",40_Knockout_Arguments_and_Interludes,3175,15,3,10,94.0,Comprehensive Essay
\\dlowenas\zobsidian\Theophysics_Vault\02_Evidence_Matrix\07_Fruits_Privation_Semantics_and_Physics\fruits-08-privation-semantics-physics.knowledge.md,"scope: ""Privation / semantic entropy / physics correspondence / kill conditions""",07_Fruits_Privation_Semantics_and_Physics,2679,10,2,1,90.0,Comprehensive Essay
\\dlowenas\zobsidian\Theophysics_Vault\02_Evidence_Matrix\08_Fruits_Mathematical_Formalization\fruits-10-complete-formalization.knowledge.md,THE FRUITS OF THE SPIRIT — COMPLETE FORMALIZATION,08_Fruits_Mathematical_Formalization,6767,32,2,3,90.0,Master Treatise
\\dlowenas\zobsidian\Theophysics_Vault\02_Evidence_Matrix\08_Fruits_Mathematical_Formalization\fruits-11-equations.knowledge.md,THE FRUITS OF THE SPIRIT — COMPLETE FORMALIZATION,08_Fruits_Mathematical_Formalization,3702,25,2,3,90.0,Master Treatise
\\dlowenas\zobsidian\Theophysics_Vault\02_Evidence_Matrix\14_Principia_Mathematica_Moralia_Core\10-pm-causal-chain-evidence-log-for-the-principia-mathematica-moralia-08-16.knowledge.md,ckg_evaluation:,14_Principia_Mathematica_Moralia_Core,3173,15,2,1,90.0,Comprehensive Essay
\\dlowenas\zobsidian\Theophysics_Vault\01_Cannon_Papers\THE_MORAL_ABSOLUTE_OF_MATHEMATICS.md,The Moral Absolute of Mathematics,01_Cannon_Papers,5044,23,2,1,84.0,Master Treatise
\\dlowenas\zobsidian\Theophysics_Vault\00_REFINED_PAPERS_MASTER\03_Core_Cannon_Papers\THE_MORAL_ABSOLUTE_OF_MATHEMATICS.md,The Moral Absolute of Mathematics,03_Core_Cannon_Papers,5044,23,2,1,84.0,Master Treatise
\\dlowenas\zobsidian\Theophysics_Vault\02_Evidence_Matrix\05_Fruits_Foundations_and_Ontology\fruits-06-ontological-ground.knowledge.md,"paper_id: ""FRT-06""",05_Fruits_Foundations_and_Ontology,2743,9,3,0,82.0,Comprehensive Essay
\\dlowenas\zobsidian\Theophysics_Vault\01_Cannon_Papers\AXIOMATIC_UNIFICATION_TWELVE_FOUNDATIONAL_FRAMEWORKS.md,Axiomatic Unification: A Comprehensive Analysis of Twelve Foundational Framework,01_Cannon_Papers,6329,68,1,1,80.0,Master Treatise
\\dlowenas\zobsidian\Theophysics_Vault\01_Cannon_Papers\PHILOSOPHIAE_NATURALIS_PRINCIPIA_MATHEMATICA_MORALIA.md,PHILOSOPHIÆ NATURALIS PRINCIPIA MATHEMATICA MORALIA,01_Cannon_Papers,4709,58,3,11,80.0,Master Treatise
\\dlowenas\zobsidian\Theophysics_Vault\00_REFINED_PAPERS_MASTER\02_Canonical_Treatises\MASTER_EQUATION_CANONICAL_ARCHITECTURE.md,The Master Equation of Theophysics: Canonical Architecture & Epistemic Spine,02_Canonical_Treatises,5679,189,1,3,80.0,Master Treatise
\\dlowenas\zobsidian\Theophysics_Vault\00_REFINED_PAPERS_MASTER\03_Core_Cannon_Papers\AXIOMATIC_UNIFICATION_TWELVE_FOUNDATIONAL_FRAMEWORKS.md,Axiomatic Unification: A Comprehensive Analysis of Twelve Foundational Framework,03_Core_Cannon_Papers,6329,68,1,1,80.0,Master Treatise
\\dlowenas\zobsidian\Theophysics_Vault\00_REFINED_PAPERS_MASTER\03_Core_Cannon_Papers\PHILOSOPHIAE_NATURALIS_PRINCIPIA_MATHEMATICA_MORALIA.md,PHILOSOPHIÆ NATURALIS PRINCIPIA MATHEMATICA MORALIA,03_Core_Cannon_Papers,4709,58,3,11,80.0,Master Treatise
\\dlowenas\zobsidian\Theophysics_Vault\00_REFINED_PAPERS_MASTER\04_Moral_Substrate_and_Trilemma\LOSSLESS_CANON_Meta-Argument_Trilemma_v1.0_2026-08-05.md,LOSSLESS CANON — THE META ARGUMENT + TRILEMMA WORKBOOK,04_Moral_Substrate_and_Trilemma,9261,28,1,3,80.0,Master Treatise
\\dlowenas\zobsidian\Theophysics_Vault\02_Evidence_Matrix\09_Number_from_Being_and_Relation\fruits-04-number-from-being-distinction-relation.knowledge.md,"date: ""2026-08-18""",09_Number_from_Being_and_Relation,2883,22,4,1,80.0,Comprehensive Essay
\\dlowenas\zobsidian\Theophysics_Vault\02_Evidence_Matrix\14_Principia_Mathematica_Moralia_Core\15_PM_PRINCIPIA_MATHEMATICA_MORALIA_REWRITE_2026-08-14.md,Ring 2 — Canonical Grounding,14_Principia_Mathematica_Moralia_Core,4130,53,3,11,80.0,Master Treatise
\\dlowenas\zobsidian\Theophysics_Vault\02_Evidence_Matrix\16_PMM_Amorality_Refutations\04-pm-the-principle-of-amorality-04-16.knowledge.md,ckg_evaluation:,16_PMM_Amorality_Refutations,4473,7,3,5,80.0,Master Treatise
\\dlowenas\zobsidian\Theophysics_Vault\02_Evidence_Matrix\17_PMM_Axiomatic_Unification\08-pm-axiomatic-unification-06-16.knowledge.md,"series: ""Principia Mathematica Moralia""",17_PMM_Axiomatic_Unification,9314,68,1,1,80.0,Master Treatise
\\dlowenas\zobsidian\Theophysics_Vault\02_Evidence_Matrix\19_Watcher_Measurement_Direction\watcher-02-temporal-direction-of-measurement.knowledge.md,The Temporal Direction of Measurement: Why Quantum Gravity Requires a Boundary O,19_Watcher_Measurement_Direction,4664,12,1,0,80.0,Master Treatise
\\dlowenas\zobsidian\Theophysics_Vault\02_Evidence_Matrix\34_Full_Axiom_API_Specifications\00_MASTER_AXIOM_API.md,Theophysics Axiomatic Architecture & Master Classification API,34_Full_Axiom_API_Specifications,2910,17,1,0,80.0,Comprehensive Essay
\\dlowenas\zobsidian\Theophysics_Vault\02_Evidence_Matrix\45_Unification_Governance_and_Atlas\UNIFICATION_GOVERNANCE_UNIFIED.md,"UNIFICATION: Governance, Standards, and Current State",45_Unification_Governance_and_Atlas,6042,32,1,0,80.0,Master Treatise
\\dlowenas\zobsidian\Theophysics_Vault\02_Evidence_Matrix\13_Moral_Absolute_of_Mathematics\01-fp-the-moral-absolute-of-mathematics-03-07.knowledge.md,ckg_evaluation:,13_Moral_Absolute_of_Mathematics,7939,25,1,1,74.0,Master Treatise
\\dlowenas\zobsidian\Theophysics_Vault\01_Cannon_Papers\THE_CAUSAL_CHAIN_OF_THE_PRINCIPIA_MATHEMATICA_MORALIA.md,The Causal Chain of the Principia Mathematica Moralia,01_Cannon_Papers,1323,15,0,1,70.0,Comprehensive Essay
\\dlowenas\zobsidian\Theophysics_Vault\00_REFINED_PAPERS_MASTER\03_Core_Cannon_Papers\THE_CAUSAL_CHAIN_OF_THE_PRINCIPIA_MATHEMATICA_MORALIA.md,The Causal Chain of the Principia Mathematica Moralia,03_Core_Cannon_Papers,1323,15,0,1,70.0,Comprehensive Essay
\\dlowenas\zobsidian\Theophysics_Vault\00_REFINED_PAPERS_MASTER\04_Moral_Substrate_and_Trilemma\WHY_GRACE_HAS_AN_EQUATION.md,Why Grace Has an Equation,04_Moral_Substrate_and_Trilemma,3626,15,0,3,70.0,Master Treatise
\\dlowenas\zobsidian\Theophysics_Vault\02_Evidence_Matrix\06_Fruits_Generative_Grammar\fruits-07-generative-grammar.knowledge.md,"scope: ""Concept-side derivation / FRUIT-GEN / failure tests""",06_Fruits_Generative_Grammar,2239,5,1,0,70.0,Comprehensive Essay
\\dlowenas\zobsidian\Theophysics_Vault\02_Evidence_Matrix\11_Trinity_Generates_Numbers\god-made-the-numbers-the-numbers-in-god-argument.knowledge.md,God Made the Numbers,11_Trinity_Generates_Numbers,8164,38,0,29,70.0,Master Treatise
\\dlowenas\zobsidian\Theophysics_Vault\01_Cannon_Papers\THE_STRUCTURAL_COHERENCE_OF_THE_UNCORRUPTIBLY_GOOD_GOD.md,The Structural Coherence of the Uncorruptibly Good God: A Theophysical Analysis ,01_Cannon_Papers,4268,3,4,0,68.0,Master Treatise
\\dlowenas\zobsidian\Theophysics_Vault\00_REFINED_PAPERS_MASTER\03_Core_Cannon_Papers\THE_STRUCTURAL_COHERENCE_OF_THE_UNCORRUPTIBLY_GOOD_GOD.md,The Structural Coherence of the Uncorruptibly Good God: A Theophysical Analysis ,03_Core_Cannon_Papers,4268,3,4,0,68.0,Master Treatise
\\dlowenas\zobsidian\Theophysics_Vault\00_REFINED_PAPERS_MASTER\03_Formal_Mathematical_Extensions\03_COMMON_SENSE_MATH_TRANSLATION_SPECIFICATION.md,The Common Sense Math Translation Architecture: Specification & Design Standard,03_Formal_Mathematical_Extensions,1600,23,1,0,68.0,Comprehensive Essay
\\dlowenas\zobsidian\Theophysics_Vault\00_REFINED_PAPERS_MASTER\03_Formal_Mathematical_Extensions\02_ARCHITECTURE_OF_MEASUREMENT_AND_BOOK_OF_LIFE.md,"The Architecture of Measurement, Actualization, and the Books of Moral Record",03_Formal_Mathematical_Extensions,1541,24,1,3,66.0,Comprehensive Essay
\\dlowenas\zobsidian\Theophysics_Vault\00_REFINED_PAPERS_MASTER\04_Moral_Substrate_and_Trilemma\THE_CONSCIOUSNESS_PAPER_v2.0.md,The Consciousness Paper v2.0 (2026-08-09 17:30 -05:00),04_Moral_Substrate_and_Trilemma,2211,16,0,0,66.0,Comprehensive Essay
\\dlowenas\zobsidian\Theophysics_Vault\01_Cannon_Papers\THE_GREAT_SEPARATION.md,The Great Separation,01_Cannon_Papers,1826,4,3,3,62.0,Comprehensive Essay
\\dlowenas\zobsidian\Theophysics_Vault\00_REFINED_PAPERS_MASTER\01_Genesis_to_Quantum_Refined\gtq-01-measurement-collapsed-reality.md,I. The Pre-Fall State: Maximal Coherence,01_Genesis_to_Quantum_Refined,8185,32,1,33,62.0,Master Treatise
\\dlowenas\zobsidian\Theophysics_Vault\00_REFINED_PAPERS_MASTER\03_Core_Cannon_Papers\THE_GREAT_SEPARATION.md,The Great Separation,03_Core_Cannon_Papers,1826,4,3,3,62.0,Comprehensive Essay
\\dlowenas\zobsidian\Theophysics_Vault\00_REFINED_PAPERS_MASTER\04_Moral_Substrate_and_Trilemma\O-06B_MS_02_The_Self_Defeating_Objection_v2.md,THE MORAL SUBSTRATE — Paper 2 of 7,04_Moral_Substrate_and_Trilemma,1680,21,0,0,60.0,Comprehensive Essay
\\dlowenas\zobsidian\Theophysics_Vault\02_Evidence_Matrix\23_Physics_Spirit_Mapping_Verification\LAW_01_GRAVITATION_SIN_GRACE.md,LAW 1 — GRAVITATION · Sin ↔ Grace,23_Physics_Spirit_Mapping_Verification,2847,5,0,1,60.0,Comprehensive Essay
\\dlowenas\zobsidian\Theophysics_Vault\00_REFINED_PAPERS_MASTER\05_Axiom_Nodes_191\0002_A1_2_Distinction.md,Canonical Sequential Record 0002: A1.2,05_Axiom_Nodes_191,372,1,3,0,58.0,Working Note
\\dlowenas\zobsidian\Theophysics_Vault\00_REFINED_PAPERS_MASTER\05_Axiom_Nodes_191\0004_A2.2_A2_2_Self-Grounding.md,Canonical Sequential Record 0004: A2.2,05_Axiom_Nodes_191,416,1,3,0,58.0,Working Note
\\dlowenas\zobsidian\Theophysics_Vault\00_REFINED_PAPERS_MASTER\05_Axiom_Nodes_191\0005_A5.1_A5_1_Observation_Requirement.md,Canonical Sequential Record 0005: A5.1,05_Axiom_Nodes_191,365,1,4,0,58.0,Working Note
\\dlowenas\zobsidian\Theophysics_Vault\00_REFINED_PAPERS_MASTER\05_Axiom_Nodes_191\0008_A1.3_A1_3_Information_Primacy.md,Canonical Sequential Record 0008: A1.3,05_Axiom_Nodes_191,391,1,3,0,58.0,Working Note
\\dlowenas\zobsidian\Theophysics_Vault\00_REFINED_PAPERS_MASTER\05_Axiom_Nodes_191\0009_T3.1_T3_1_Coherence_Cannot_Self-Increase.md,Canonical Sequential Record 0009: T3.1,05_Axiom_Nodes_191,369,1,5,0,58.0,Working Note
\\dlowenas\zobsidian\Theophysics_Vault\00_REFINED_PAPERS_MASTER\05_Axiom_Nodes_191\0014_D1.2_D1_2_Bit_Definition.md,Canonical Sequential Record 0014: D1.2,05_Axiom_Nodes_191,409,1,3,0,58.0,Working Note
\\dlowenas\zobsidian\Theophysics_Vault\00_REFINED_PAPERS_MASTER\05_Axiom_Nodes_191\0016_D2.2_D2_2_Chi_Field_Properties.md,Canonical Sequential Record 0016: D2.2,05_Axiom_Nodes_191,351,1,5,0,58.0,Working Note
\\dlowenas\zobsidian\Theophysics_Vault\00_REFINED_PAPERS_MASTER\05_Axiom_Nodes_191\0017_E2.1_E2_1_Master_Equation_First_Form.md,Canonical Sequential Record 0017: E2.1,05_Axiom_Nodes_191,432,1,4,0,58.0,Working Note
\\dlowenas\zobsidian\Theophysics_Vault\00_REFINED_PAPERS_MASTER\05_Axiom_Nodes_191\0018_D3.1_D3_1_Coherence_Functional_Definition.md,Canonical Sequential Record 0018: D3.1,05_Axiom_Nodes_191,379,1,3,0,58.0,Working Note
\\dlowenas\zobsidian\Theophysics_Vault\00_REFINED_PAPERS_MASTER\05_Axiom_Nodes_191\0019_D3.2_D3_2_Self-Interaction_Potential.md,Canonical Sequential Record 0019: D3.2,05_Axiom_Nodes_191,401,1,3,0,58.0,Working Note
\\dlowenas\zobsidian\Theophysics_Vault\00_REFINED_PAPERS_MASTER\05_Axiom_Nodes_191\0024_D4.2_D4_2_Compression_Ratio.md,Canonical Sequential Record 0024: D4.2,05_Axiom_Nodes_191,359,1,5,0,58.0,Working Note
\\dlowenas\zobsidian\Theophysics_Vault\00_REFINED_PAPERS_MASTER\05_Axiom_Nodes_191\0027_D5.2_D5_2_Integrated_Information_Phi.md,Canonical Sequential Record 0027: D5.2,05_Axiom_Nodes_191,359,1,3,0,58.0,Working Note
\\dlowenas\zobsidian\Theophysics_Vault\00_REFINED_PAPERS_MASTER\05_Axiom_Nodes_191\0029_D6.1_D6_1_Collapse_Rate_Gamma.md,Canonical Sequential Record 0029: D6.1,05_Axiom_Nodes_191,410,1,4,0,58.0,Working Note
\\dlowenas\zobsidian\Theophysics_Vault\00_REFINED_PAPERS_MASTER\05_Axiom_Nodes_191\0030_D6.2_D6_2_Projection_Operator.md,Canonical Sequential Record 0030: D6.2,05_Axiom_Nodes_191,356,1,3,0,58.0,Working Note
\\dlowenas\zobsidian\Theophysics_Vault\00_REFINED_PAPERS_MASTER\05_Axiom_Nodes_191\0037_D11.1_D11_1_Moral_Coherence_Definition.md,Canonical Sequential Record 0037: D11.1,05_Axiom_Nodes_191,479,1,5,0,58.0,Working Note
\\dlowenas\zobsidian\Theophysics_Vault\00_REFINED_PAPERS_MASTER\05_Axiom_Nodes_191\0050_D19.6_D19_6_Law_VI_Coherence_Non-Increase.md,Canonical Sequential Record 0050: D19.6,05_Axiom_Nodes_191,367,1,3,0,58.0,Working Note
\\dlowenas\zobsidian\Theophysics_Vault\00_REFINED_PAPERS_MASTER\05_Axiom_Nodes_191\0055_E19.1_E19_1_Full_Master_Equation.md,Canonical Sequential Record 0055: E19.1,05_Axiom_Nodes_191,507,1,3,0,58.0,Working Note
\\dlowenas\zobsidian\Theophysics_Vault\00_REFINED_PAPERS_MASTER\05_Axiom_Nodes_191\0056_LN1.1_LN1_1_Matter-Energy_Derivative.md,Canonical Sequential Record 0056: LN1.1,05_Axiom_Nodes_191,367,1,3,0,58.0,Working Note
\\dlowenas\zobsidian\Theophysics_Vault\00_REFINED_PAPERS_MASTER\05_Axiom_Nodes_191\0058_P2.1_P2_1_Chi_Ontological_Priority.md,Canonical Sequential Record 0058: P2.1,05_Axiom_Nodes_191,313,1,3,0,58.0,Working Note
\\dlowenas\zobsidian\Theophysics_Vault\00_REFINED_PAPERS_MASTER\05_Axiom_Nodes_191\0059_P2.2_P2_2_Chi_Semantic_Content.md,Canonical Sequential Record 0059: P2.2,05_Axiom_Nodes_191,340,1,4,0,58.0,Working Note
\\dlowenas\zobsidian\Theophysics_Vault\00_REFINED_PAPERS_MASTER\05_Axiom_Nodes_191\0060_LN2.1_LN2_1_Information_Anchor_Necessity.md,Canonical Sequential Record 0060: LN2.1,05_Axiom_Nodes_191,320,1,3,0,58.0,Working Note
\\dlowenas\zobsidian\Theophysics_Vault\00_REFINED_PAPERS_MASTER\05_Axiom_Nodes_191\0061_A3.1_A3_1_Order_Requirement.md,Canonical Sequential Record 0061: A3.1,05_Axiom_Nodes_191,291,1,4,0,58.0,Stub / Seed
\\dlowenas\zobsidian\Theophysics_Vault\00_REFINED_PAPERS_MASTER\05_Axiom_Nodes_191\0062_A3.2_A3_2_Coherence_Measure.md,Canonical Sequential Record 0062: A3.2,05_Axiom_Nodes_191,318,1,4,0,58.0,Working Note
\\dlowenas\zobsidian\Theophysics_Vault\00_REFINED_PAPERS_MASTER\05_Axiom_Nodes_191\0063_P3.1_P3_1_Coherence_Non-Negativity.md,Canonical Sequential Record 0063: P3.1,05_Axiom_Nodes_191,336,1,4,0,58.0,Working Note
\\dlowenas\zobsidian\Theophysics_Vault\00_REFINED_PAPERS_MASTER\05_Axiom_Nodes_191\0065_LN3.1_LN3_1_Meaningful_Configuration_Necessity.md,Canonical Sequential Record 0065: LN3.1,05_Axiom_Nodes_191,301,1,3,0,58.0,Working Note
\\dlowenas\zobsidian\Theophysics_Vault\00_REFINED_PAPERS_MASTER\05_Axiom_Nodes_191\0066_A4.1_A4_1_Parsimony.md,Canonical Sequential Record 0066: A4.1,05_Axiom_Nodes_191,322,1,4,0,58.0,Working Note
\\dlowenas\zobsidian\Theophysics_Vault\00_REFINED_PAPERS_MASTER\05_Axiom_Nodes_191\0067_A4.2_A4_2_Algorithmic_Depth.md,Canonical Sequential Record 0067: A4.2,05_Axiom_Nodes_191,333,1,3,0,58.0,Working Note
\\dlowenas\zobsidian\Theophysics_Vault\00_REFINED_PAPERS_MASTER\05_Axiom_Nodes_191\0068_T4.1_T4_1_Laws_Are_Low-K_Descriptions.md,Canonical Sequential Record 0068: T4.1,05_Axiom_Nodes_191,369,1,3,0,58.0,Working Note
\\dlowenas\zobsidian\Theophysics_Vault\00_REFINED_PAPERS_MASTER\05_Axiom_Nodes_191\0070_LN4.1_LN4_1_Universe_As_Compression_Algorithm.md,Canonical Sequential Record 0070: LN4.1,05_Axiom_Nodes_191,362,1,4,0,58.0,Working Note
\\dlowenas\zobsidian\Theophysics_Vault\00_REFINED_PAPERS_MASTER\05_Axiom_Nodes_191\0074_LN5.1_LN5_1_Chi_Requires_Observer_For_Actualization.md,Canonical Sequential Record 0074: LN5.1,05_Axiom_Nodes_191,353,1,4,0,58.0,Working Note
\\dlowenas\zobsidian\Theophysics_Vault\00_REFINED_PAPERS_MASTER\05_Axiom_Nodes_191\0075_A6.1_A6_1_Superposition.md,Canonical Sequential Record 0075: A6.1,05_Axiom_Nodes_191,322,1,3,0,58.0,Working Note
\\dlowenas\zobsidian\Theophysics_Vault\00_REFINED_PAPERS_MASTER\05_Axiom_Nodes_191\0077_A6.3_A6_3_Irreversibility.md,Canonical Sequential Record 0077: A6.3,05_Axiom_Nodes_191,305,1,3,0,58.0,Working Note
\\dlowenas\zobsidian\Theophysics_Vault\00_REFINED_PAPERS_MASTER\05_Axiom_Nodes_191\0096_A9.1_A9_1_External_Intervention_Required.md,Canonical Sequential Record 0096: A9.1,05_Axiom_Nodes_191,347,1,3,0,58.0,Working Note
\\dlowenas\zobsidian\Theophysics_Vault\00_REFINED_PAPERS_MASTER\05_Axiom_Nodes_191\0107_A11.1_A11_1_Moral_Realism.md,Canonical Sequential Record 0107: A11.1,05_Axiom_Nodes_191,318,1,3,0,58.0,Working Note
\\dlowenas\zobsidian\Theophysics_Vault\00_REFINED_PAPERS_MASTER\05_Axiom_Nodes_191\0109_T11.1_T11_1_Virtue_As_High_Phi.md,Canonical Sequential Record 0109: T11.1,05_Axiom_Nodes_191,448,1,3,0,58.0,Working Note
\\dlowenas\zobsidian\Theophysics_Vault\00_REFINED_PAPERS_MASTER\05_Axiom_Nodes_191\0117_T13.1_T13_1_Dark_Energy_As_Chi_Potential.md,Canonical Sequential Record 0117: T13.1,05_Axiom_Nodes_191,400,1,3,0,58.0,Working Note
\\dlowenas\zobsidian\Theophysics_Vault\00_REFINED_PAPERS_MASTER\05_Axiom_Nodes_191\0119_E14.1_E14_1_Modified_Friedmann_Equation.md,Canonical Sequential Record 0119: E14.1,05_Axiom_Nodes_191,402,1,3,0,58.0,Working Note
\\dlowenas\zobsidian\Theophysics_Vault\00_REFINED_PAPERS_MASTER\05_Axiom_Nodes_191\0124_T16.5_T16_5_Hinduism_Fails_BC_Uniqueness.md,Canonical Sequential Record 0124: T16.5,05_Axiom_Nodes_191,382,1,3,0,58.0,Working Note
\\dlowenas\zobsidian\Theophysics_Vault\00_REFINED_PAPERS_MASTER\05_Axiom_Nodes_191\0126_A17.2_A17_2_Substrate_Independence.md,Canonical Sequential Record 0126: A17.2,05_Axiom_Nodes_191,361,1,3,0,58.0,Working Note
\\dlowenas\zobsidian\Theophysics_Vault\00_REFINED_PAPERS_MASTER\05_Axiom_Nodes_191\0130_U1_U1_Coherence_Universal.md,Canonical Sequential Record 0130: U1,05_Axiom_Nodes_191,351,1,3,0,58.0,Working Note
\\dlowenas\zobsidian\Theophysics_Vault\00_REFINED_PAPERS_MASTER\05_Axiom_Nodes_191\0135_P2_stage_P2_stage_Information_Stage.md,Canonical Sequential Record 0135: P2_stage,05_Axiom_Nodes_191,375,1,4,0,58.0,Working Note
\\dlowenas\zobsidian\Theophysics_Vault\00_REFINED_PAPERS_MASTER\05_Axiom_Nodes_191\0136_P3_stage_P3_stage_Coherence_Stage.md,Canonical Sequential Record 0136: P3_stage,05_Axiom_Nodes_191,347,1,4,0,58.0,Working Note
\\dlowenas\zobsidian\Theophysics_Vault\00_REFINED_PAPERS_MASTER\05_Axiom_Nodes_191\0140_O2_O2_Coherence_Primitive.md,Canonical Sequential Record 0140: O2,05_Axiom_Nodes_191,340,1,3,0,58.0,Working Note
\\dlowenas\zobsidian\Theophysics_Vault\00_REFINED_PAPERS_MASTER\05_Axiom_Nodes_191\0141_O3_O3_Consciousness_Primitive.md,Canonical Sequential Record 0141: O3,05_Axiom_Nodes_191,337,1,3,0,58.0,Working Note
\\dlowenas\zobsidian\Theophysics_Vault\00_REFINED_PAPERS_MASTER\05_Axiom_Nodes_191\0142_O4_O4_Agency_Primitive.md,Canonical Sequential Record 0142: O4,05_Axiom_Nodes_191,350,1,3,0,58.0,Working Note
\\dlowenas\zobsidian\Theophysics_Vault\00_REFINED_PAPERS_MASTER\05_Axiom_Nodes_191\0145_SC-PHYSICAL_SC_PHYSICAL_Physical_Scale_Coherence.md,Canonical Sequential Record 0145: SC-PHYSICAL,05_Axiom_Nodes_191,349,1,3,0,58.0,Working Note
\\dlowenas\zobsidian\Theophysics_Vault\00_REFINED_PAPERS_MASTER\05_Axiom_Nodes_191\0146_SC-NEURAL_SC_NEURAL_Neural_Scale_Coherence.md,Canonical Sequential Record 0146: SC-NEURAL,05_Axiom_Nodes_191,368,1,4,0,58.0,Working Note
\\dlowenas\zobsidian\Theophysics_Vault\00_REFINED_PAPERS_MASTER\05_Axiom_Nodes_191\0148_SC-SOCIAL_SC_SOCIAL_Social_Scale_Coherence.md,Canonical Sequential Record 0148: SC-SOCIAL,05_Axiom_Nodes_191,364,1,4,0,58.0,Working Note
\\dlowenas\zobsidian\Theophysics_Vault\00_REFINED_PAPERS_MASTER\05_Axiom_Nodes_191\0150_META-1_META_1_Axiom_System_Consistency.md,Canonical Sequential Record 0150: META-1,05_Axiom_Nodes_191,319,1,3,0,58.0,Working Note
\\dlowenas\zobsidian\Theophysics_Vault\00_REFINED_PAPERS_MASTER\05_Axiom_Nodes_191\0151_META-2_META_2_Axiom_System_Completeness.md,Canonical Sequential Record 0151: META-2,05_Axiom_Nodes_191,312,1,3,0,58.0,Working Note
\\dlowenas\zobsidian\Theophysics_Vault\00_REFINED_PAPERS_MASTER\05_Axiom_Nodes_191\0152_META-3_META_3_Axiom_System_Independence.md,Canonical Sequential Record 0152: META-3,05_Axiom_Nodes_191,327,1,4,0,58.0,Working Note
\\dlowenas\zobsidian\Theophysics_Vault\00_REFINED_PAPERS_MASTER\05_Axiom_Nodes_191\0154_FINAL-2_FINAL_2_Coherence_Optimality.md,Canonical Sequential Record 0154: FINAL-2,05_Axiom_Nodes_191,315,1,4,0,58.0,Working Note
\\dlowenas\zobsidian\Theophysics_Vault\00_REFINED_PAPERS_MASTER\05_Axiom_Nodes_191\0165_EV15.4_EV15_4_Social_Coherence_5.7_Sigma.md,Canonical Sequential Record 0165: EV15.4,05_Axiom_Nodes_191,365,1,4,0,58.0,Working Note
\\dlowenas\zobsidian\Theophysics_Vault\00_REFINED_PAPERS_MASTER\05_Axiom_Nodes_191\0172_PROT18.5_PROT18_5_Phi-Virtue_Correlation_Study.md,Canonical Sequential Record 0172: PROT18.5,05_Axiom_Nodes_191,338,1,3,0,58.0,Working Note
\\dlowenas\zobsidian\Theophysics_Vault\00_REFINED_PAPERS_MASTER\05_Axiom_Nodes_191\0179_U4_U4_Fruits_Universal.md,Canonical Sequential Record 0179: U4,05_Axiom_Nodes_191,378,1,5,1,58.0,Working Note
\\dlowenas\zobsidian\Theophysics_Vault\00_REFINED_PAPERS_MASTER\05_Axiom_Nodes_191\0191_BRIDGE-PHI-CHI_BRIDGE_PHI_CHI_Individual_Phi_To_Social_Chi.md,Canonical Sequential Record 0191: BRIDGE-PHI-CHI,05_Axiom_Nodes_191,339,1,3,0,58.0,Working Note
\\dlowenas\zobsidian\Theophysics_Vault\02_Evidence_Matrix\45_Unification_Governance_and_Atlas\2026-08-20_VERSION_PROPAGATION_SYSTEM.md,Version Propagation System — Design Notes,45_Unification_Governance_and_Atlas,1235,1,6,0,58.0,Comprehensive Essay
\\dlowenas\zobsidian\Theophysics_Vault\07_System_and_Operations\AXIOMS_HALF_CANON_GLOSSARY_NODES_0001_0096.md,Theophysics Axiom Nodes Canon Glossary & Definition Registry,07_System_and_Operations,2822,0,10,0,50.0,Comprehensive Essay
\\dlowenas\zobsidian\Theophysics_Vault\02_Evidence_Matrix\01_Trinitarian_Ground_and_A0_Ontology\TRINITY_FORMAL_DECLARATION_LAYER_v0.1.md,Trinity Formal Declaration Layer v0.1,01_Trinitarian_Ground_and_A0_Ontology,1655,0,11,8,50.0,Comprehensive Essay
\\dlowenas\zobsidian\Theophysics_Vault\02_Evidence_Matrix\01_Trinitarian_Ground_and_A0_Ontology\TRINITY_TYPED_DERIVATION_CHAIN_v0_1.md,Trinity Typed Derivation Chain,01_Trinitarian_Ground_and_A0_Ontology,1433,0,11,0,50.0,Comprehensive Essay
\\dlowenas\zobsidian\Theophysics_Vault\02_Evidence_Matrix\07_Fruits_Privation_Semantics_and_Physics\fruits-02-destruction-test.knowledge.md,THE DESTRUCTION TEST,07_Fruits_Privation_Semantics_and_Physics,3309,0,8,1,50.0,Comprehensive Essay
\\dlowenas\zobsidian\Theophysics_Vault\02_Evidence_Matrix\08_Fruits_Mathematical_Formalization\fruits-03-derivation-trace.knowledge.md,DERIVATION TRACE — God Is Love and This Is His Story,08_Fruits_Mathematical_Formalization,4368,0,4,2,50.0,Master Treatise
\\dlowenas\zobsidian\Theophysics_Vault\02_Evidence_Matrix\10_Numbers_in_God_Master_Outlines\numbers-in-god-master-outline-v3-1.knowledge.md,NUMBERS IN GOD — THE RECONCILED SUBSTRATE,10_Numbers_in_God_Master_Outlines,5612,0,7,0,50.0,Master Treatise
\\dlowenas\zobsidian\Theophysics_Vault\02_Evidence_Matrix\10_Numbers_in_God_Master_Outlines\numbers-in-god-master-outline.knowledge.md,NUMBERS IN GOD — THE RECONCILED SUBSTRATE,10_Numbers_in_God_Master_Outlines,5408,0,7,1,50.0,Master Treatise
\\dlowenas\zobsidian\Theophysics_Vault\02_Evidence_Matrix\14_Principia_Mathematica_Moralia_Core\03-2-2-principia-mathematica-moralia-04-05.knowledge.md,ckg_evaluation:,14_Principia_Mathematica_Moralia_Core,7058,0,31,4,50.0,Master Treatise
\\dlowenas\zobsidian\Theophysics_Vault\02_Evidence_Matrix\20_Time_as_Grammar_Shadow\watcher-03-time-as-the-grammars-shadow.knowledge.md,Time as the Grammar's Shadow,20_Time_as_Grammar_Shadow,4104,0,7,0,50.0,Master Treatise
\\dlowenas\zobsidian\Theophysics_Vault\02_Evidence_Matrix\22_First_Atom_and_Cosmic_Beginning\00-fp-what-gives-meaning-to-matter-01-07.knowledge.md,ckg_evaluation:,22_First_Atom_and_Cosmic_Beginning,9320,0,3,1,50.0,Master Treatise
\\dlowenas\zobsidian\Theophysics_Vault\02_Evidence_Matrix\28_Bidirectional_Grammar_Hard_Trials\BFP_DG_APPLIED_THEOPHYSICS_v1.md,BFP-DG APPLIED: THEOPHYSICS PRIMITIVE ANALYSIS,28_Bidirectional_Grammar_Hard_Trials,10596,0,3,2,50.0,Master Treatise
\\dlowenas\zobsidian\Theophysics_Vault\02_Evidence_Matrix\33_Axiom_Chain_Unified_Series\AXIOM_CHAIN_UNIFIED_v3.1 (1).md,AXIOM CHAIN — UNIFIED ARCHITECTURE,33_Axiom_Chain_Unified_Series,4082,0,16,35,50.0,Master Treatise
\\dlowenas\zobsidian\Theophysics_Vault\02_Evidence_Matrix\34_Full_Axiom_API_Specifications\AXIOMSS_FULL_CORPUS_API_RECONSTRUCTION_PACKET_v1.md,AXIOMss Full-Corpus API Reconstruction Packet v1.0,34_Full_Axiom_API_Specifications,70007,0,24,61,50.0,Master Treatise
\\dlowenas\zobsidian\Theophysics_Vault\02_Evidence_Matrix\34_Full_Axiom_API_Specifications\FULL AXIOM API.md,On the Impossibility of Self-Sufficient Coherence in Finite Formal Systems,34_Full_Axiom_API_Specifications,50738,0,39,58,50.0,Master Treatise
\\dlowenas\zobsidian\Theophysics_Vault\02_Evidence_Matrix\34_Full_Axiom_API_Specifications\full-axiom-api.knowledge.md,On the Impossibility of Self-Sufficient Coherence in Finite Formal Systems,34_Full_Axiom_API_Specifications,53622,0,39,58,50.0,Master Treatise
\\dlowenas\zobsidian\Theophysics_Vault\02_Evidence_Matrix\35_Truth_Kernels_001_to_100\AX_001_100_TRUTH_KERNEL_MATHEMATICAL_CLASSIFICATION.md,AX-001–AX-100 Truth-Kernel and Mathematical-Use Classification,35_Truth_Kernels_001_to_100,42024,0,17,10,50.0,Master Treatise
\\dlowenas\zobsidian\Theophysics_Vault\02_Evidence_Matrix\36_Truth_Kernels_101_to_188\AX_101_188_TRUTH_KERNEL_MATHEMATICAL_CLASSIFICATION.md,AX-101–AX-188 Truth-Kernel and Mathematical-Use Classification,36_Truth_Kernels_101_to_188,18344,0,5,7,50.0,Master Treatise
\\dlowenas\zobsidian\Theophysics_Vault\02_Evidence_Matrix\38_Supra_Infraque_Universal_Bridges\SUPRA_INFRAQUE_NEUTRAL_INQUIRY_OVERLAY_v1.md,SUPRA INFRAQUE,38_Supra_Infraque_Universal_Bridges,4428,0,11,0,50.0,Master Treatise
\\dlowenas\zobsidian\Theophysics_Vault\02_Evidence_Matrix\41_Defeat_of_Alternate_Worldviews\theophysics-vs-systemic-materialism.knowledge.md,"date: ""2026-08-17""",41_Defeat_of_Alternate_Worldviews,5159,0,10,0,50.0,Master Treatise
\\dlowenas\zobsidian\Theophysics_Vault\02_Evidence_Matrix\43_The_Five_Walls_and_Middle_Axioms\MIDDLE_AXIOM_CONTRACTS_DRAFT.md,Middle Axioms → Claim-Class + Evidence Contracts (DRAFT to react to),43_The_Five_Walls_and_Middle_Axioms,1393,0,7,0,50.0,Comprehensive Essay
\\dlowenas\zobsidian\Theophysics_Vault\02_Evidence_Matrix\46_The_Master_Story_Series\00_MASTER_STORY.md,THE MASTER STORY — Reading Order & Narrative Arc,46_The_Master_Story_Series,1422,0,3,0,50.0,Comprehensive Essay
\\dlowenas\zobsidian\Theophysics_Vault\02_Evidence_Matrix\47_Formal_Logic_and_Epistemic_Intake\AXIOM_FRAMEWORK_MAPPING_REFERENCE.md,Complete Axiom-to-Framework Mapping Reference,47_Formal_Logic_and_Epistemic_Intake,1259,0,6,0,50.0,Comprehensive Essay
\\dlowenas\zobsidian\Theophysics_Vault\02_Evidence_Matrix\47_Formal_Logic_and_Epistemic_Intake\THEOPHYSICS_FIRST_PRINCIPLES_REBUILD_v1.md,THEOPHYSICS: FIRST PRINCIPLES REBUILD,47_Formal_Logic_and_Epistemic_Intake,5923,0,8,8,50.0,Master Treatise
\\dlowenas\zobsidian\Theophysics_Vault\01_Cannon_Papers\TRUTH_THREE_THE_NECESSARY_GROUND.md,Truth Three: The Necessary Ground,01_Cannon_Papers,1185,0,4,1,48.0,Working Note
\\dlowenas\zobsidian\Theophysics_Vault\00_REFINED_PAPERS_MASTER\03_Core_Cannon_Papers\TRUTH_THREE_THE_NECESSARY_GROUND.md,Truth Three: The Necessary Ground,03_Core_Cannon_Papers,1185,0,4,1,48.0,Working Note
\\dlowenas\zobsidian\Theophysics_Vault\00_REFINED_PAPERS_MASTER\05_Axiom_Nodes_191\0001_A1_1_Existence.md,Canonical Sequential Record 0001: A1.1,05_Axiom_Nodes_191,351,1,2,0,48.0,Working Note
\\dlowenas\zobsidian\Theophysics_Vault\00_REFINED_PAPERS_MASTER\05_Axiom_Nodes_191\0003_A2_1_Substrate_Requirement.md,Canonical Sequential Record 0003: A2.1,05_Axiom_Nodes_191,324,1,2,0,48.0,Working Note
\\dlowenas\zobsidian\Theophysics_Vault\00_REFINED_PAPERS_MASTER\05_Axiom_Nodes_191\0006_BC4_BC4_Three_Observers_Required.md,Canonical Sequential Record 0006: BC4,05_Axiom_Nodes_191,418,1,2,0,48.0,Working Note
\\dlowenas\zobsidian\Theophysics_Vault\00_REFINED_PAPERS_MASTER\05_Axiom_Nodes_191\0007_BC6_BC6_Infinite_Energy_Source.md,Canonical Sequential Record 0007: BC6,05_Axiom_Nodes_191,396,1,2,0,48.0,Working Note
\\dlowenas\zobsidian\Theophysics_Vault\00_REFINED_PAPERS_MASTER\05_Axiom_Nodes_191\0015_D2.1_D2_1_Logos_Field_Definition.md,Canonical Sequential Record 0015: D2.1,05_Axiom_Nodes_191,410,1,2,0,48.0,Working Note
\\dlowenas\zobsidian\Theophysics_Vault\00_REFINED_PAPERS_MASTER\05_Axiom_Nodes_191\0020_D3.3_D3_3_Interaction_Lagrangian.md,Canonical Sequential Record 0020: D3.3,05_Axiom_Nodes_191,380,1,2,0,48.0,Working Note
\\dlowenas\zobsidian\Theophysics_Vault\00_REFINED_PAPERS_MASTER\05_Axiom_Nodes_191\0021_E3.1_E3_1_Master_Coherence_Equation.md,Canonical Sequential Record 0021: E3.1,05_Axiom_Nodes_191,388,1,2,0,48.0,Working Note
\\dlowenas\zobsidian\Theophysics_Vault\00_REFINED_PAPERS_MASTER\05_Axiom_Nodes_191\0022_E3.2_E3_2_Universal_Coherence_Definition.md,Canonical Sequential Record 0022: E3.2,05_Axiom_Nodes_191,403,1,2,0,48.0,Working Note
\\dlowenas\zobsidian\Theophysics_Vault\00_REFINED_PAPERS_MASTER\05_Axiom_Nodes_191\0023_D4.1_D4_1_Kolmogorov_Complexity.md,Canonical Sequential Record 0023: D4.1,05_Axiom_Nodes_191,351,1,2,0,48.0,Working Note
\\dlowenas\zobsidian\Theophysics_Vault\00_REFINED_PAPERS_MASTER\05_Axiom_Nodes_191\0025_E4.1_E4_1_Complexity_Decrease_Under_Chi.md,Canonical Sequential Record 0025: E4.1,05_Axiom_Nodes_191,362,1,2,0,48.0,Working Note
\\dlowenas\zobsidian\Theophysics_Vault\00_REFINED_PAPERS_MASTER\05_Axiom_Nodes_191\0026_D5.1_D5_1_Observer_Definition.md,Canonical Sequential Record 0026: D5.1,05_Axiom_Nodes_191,419,1,2,0,48.0,Working Note
\\dlowenas\zobsidian\Theophysics_Vault\00_REFINED_PAPERS_MASTER\05_Axiom_Nodes_191\0031_E6.2_E6_2_Phi-Dependent_Collapse.md,Canonical Sequential Record 0031: E6.2,05_Axiom_Nodes_191,427,1,2,0,48.0,Working Note
\\dlowenas\zobsidian\Theophysics_Vault\00_REFINED_PAPERS_MASTER\05_Axiom_Nodes_191\0033_D9.1_D9_1_Grace_Operator_Definition.md,Canonical Sequential Record 0033: D9.1,05_Axiom_Nodes_191,407,1,2,0,48.0,Working Note
\\dlowenas\zobsidian\Theophysics_Vault\00_REFINED_PAPERS_MASTER\05_Axiom_Nodes_191\0036_E10.1_E10_1_Soul_Field_Equation.md,Canonical Sequential Record 0036: E10.1,05_Axiom_Nodes_191,428,1,2,0,48.0,Working Note
\\dlowenas\zobsidian\Theophysics_Vault\00_REFINED_PAPERS_MASTER\05_Axiom_Nodes_191\0038_D12.1_D12_1_Integration_Attractor.md,Canonical Sequential Record 0038: D12.1,05_Axiom_Nodes_191,397,1,2,0,48.0,Working Note
\\dlowenas\zobsidian\Theophysics_Vault\00_REFINED_PAPERS_MASTER\05_Axiom_Nodes_191\0046_D19.2_D19_2_Law_II_Ten_Variables.md,Canonical Sequential Record 0046: D19.2,05_Axiom_Nodes_191,388,1,2,0,48.0,Working Note
\\dlowenas\zobsidian\Theophysics_Vault\00_REFINED_PAPERS_MASTER\05_Axiom_Nodes_191\0047_D19.3_D19_3_Law_III_Entropy-Sin.md,Canonical Sequential Record 0047: D19.3,05_Axiom_Nodes_191,414,1,2,0,48.0,Working Note
\\dlowenas\zobsidian\Theophysics_Vault\00_REFINED_PAPERS_MASTER\05_Axiom_Nodes_191\0053_D19.9_D19_9_Law_IX_Grace_Non-Unitarity.md,Canonical Sequential Record 0053: D19.9,05_Axiom_Nodes_191,460,1,2,0,48.0,Working Note
\\dlowenas\zobsidian\Theophysics_Vault\00_REFINED_PAPERS_MASTER\05_Axiom_Nodes_191\0054_D19.10_D19_10_Law_X_Trinity_Closure.md,Canonical Sequential Record 0054: D19.10,05_Axiom_Nodes_191,355,1,2,0,48.0,Working Note
\\dlowenas\zobsidian\Theophysics_Vault\00_REFINED_PAPERS_MASTER\05_Axiom_Nodes_191\0057_LN1.2_LN1_2_It_From_Bit.md,Canonical Sequential Record 0057: LN1.2,05_Axiom_Nodes_191,353,1,2,0,48.0,Working Note
\\dlowenas\zobsidian\Theophysics_Vault\00_REFINED_PAPERS_MASTER\05_Axiom_Nodes_191\0064_P3.2_P3_2_Coherence_Conservation.md,Canonical Sequential Record 0064: P3.2,05_Axiom_Nodes_191,378,1,2,0,48.0,Working Note
\\dlowenas\zobsidian\Theophysics_Vault\00_REFINED_PAPERS_MASTER\05_Axiom_Nodes_191\0069_T4.2_T4_2_Action_Principle_As_Minimal-K.md,Canonical Sequential Record 0069: T4.2,05_Axiom_Nodes_191,368,1,2,0,48.0,Working Note
\\dlowenas\zobsidian\Theophysics_Vault\00_REFINED_PAPERS_MASTER\05_Axiom_Nodes_191\0076_A6.2_A6_2_Collapse.md,Canonical Sequential Record 0076: A6.2,05_Axiom_Nodes_191,325,1,2,0,48.0,Working Note
\\dlowenas\zobsidian\Theophysics_Vault\00_REFINED_PAPERS_MASTER\05_Axiom_Nodes_191\0078_E6.1_E6_1_Modified_Schr_dinger_With_Collapse.md,Canonical Sequential Record 0078: E6.1,05_Axiom_Nodes_191,364,1,2,0,48.0,Working Note
\\dlowenas\zobsidian\Theophysics_Vault\00_REFINED_PAPERS_MASTER\05_Axiom_Nodes_191\0080_P6.2_P6_2_Collapse_Generates_Heat.md,Canonical Sequential Record 0080: P6.2,05_Axiom_Nodes_191,342,1,2,0,48.0,Working Note
\\dlowenas\zobsidian\Theophysics_Vault\00_REFINED_PAPERS_MASTER\05_Axiom_Nodes_191\0081_T6.1_T6_1_Von_Neumann_Chain_Termination.md,Canonical Sequential Record 0081: T6.1,05_Axiom_Nodes_191,379,1,2,0,48.0,Working Note
\\dlowenas\zobsidian\Theophysics_Vault\00_REFINED_PAPERS_MASTER\05_Axiom_Nodes_191\0083_A7.1_A7_1_Closure_Requirement.md,Canonical Sequential Record 0083: A7.1,05_Axiom_Nodes_191,348,1,2,0,48.0,Working Note
\\dlowenas\zobsidian\Theophysics_Vault\00_REFINED_PAPERS_MASTER\05_Axiom_Nodes_191\0084_A7.2_A7_2_Uniqueness_From_Boundary_Conditions.md,Canonical Sequential Record 0084: A7.2,05_Axiom_Nodes_191,305,1,2,0,48.0,Working Note
\\dlowenas\zobsidian\Theophysics_Vault\00_REFINED_PAPERS_MASTER\05_Axiom_Nodes_191\0086_BC3_BC3_Measurement_Orthogonality.md,Canonical Sequential Record 0086: BC3,05_Axiom_Nodes_191,307,1,2,0,48.0,Working Note
\\dlowenas\zobsidian\Theophysics_Vault\00_REFINED_PAPERS_MASTER\05_Axiom_Nodes_191\0098_P9.1_P9_1_Grace_Idempotence.md,Canonical Sequential Record 0098: P9.1,05_Axiom_Nodes_191,352,1,2,0,48.0,Working Note
\\dlowenas\zobsidian\Theophysics_Vault\00_REFINED_PAPERS_MASTER\05_Axiom_Nodes_191\0101_P9.4_P9_4_Superposition_Preserved_Until_Faith.md,Canonical Sequential Record 0101: P9.4,05_Axiom_Nodes_191,422,1,2,0,48.0,Working Note
\\dlowenas\zobsidian\Theophysics_Vault\00_REFINED_PAPERS_MASTER\05_Axiom_Nodes_191\0103_A10.1_A10_1_Consciousness_Substrate.md,Canonical Sequential Record 0103: A10.1,05_Axiom_Nodes_191,324,1,2,0,48.0,Working Note
\\dlowenas\zobsidian\Theophysics_Vault\00_REFINED_PAPERS_MASTER\05_Axiom_Nodes_191\0104_A10.2_A10_2_Soul_Conservation.md,Canonical Sequential Record 0104: A10.2,05_Axiom_Nodes_191,344,1,2,0,48.0,Working Note
\\dlowenas\zobsidian\Theophysics_Vault\00_REFINED_PAPERS_MASTER\05_Axiom_Nodes_191\0111_A12.1_A12_1_Asymptotic_Behavior.md,Canonical Sequential Record 0111: A12.1,05_Axiom_Nodes_191,335,1,2,0,48.0,Working Note
\\dlowenas\zobsidian\Theophysics_Vault\00_REFINED_PAPERS_MASTER\05_Axiom_Nodes_191\0115_A13.1_A13_1_Chi_Mediates_Unification.md,Canonical Sequential Record 0115: A13.1,05_Axiom_Nodes_191,334,1,2,0,48.0,Working Note
\\dlowenas\zobsidian\Theophysics_Vault\00_REFINED_PAPERS_MASTER\05_Axiom_Nodes_191\0118_A14.1_A14_1_Dynamic_Dark_Energy.md,Canonical Sequential Record 0118: A14.1,05_Axiom_Nodes_191,410,1,2,0,48.0,Working Note
\\dlowenas\zobsidian\Theophysics_Vault\00_REFINED_PAPERS_MASTER\05_Axiom_Nodes_191\0127_T17.1_T17_1_AI_Can_Achieve_Consciousness.md,Canonical Sequential Record 0127: T17.1,05_Axiom_Nodes_191,374,1,2,0,48.0,Working Note
\\dlowenas\zobsidian\Theophysics_Vault\00_REFINED_PAPERS_MASTER\05_Axiom_Nodes_191\0128_T19.1_T19_1_Laws_Derive_From_Chi.md,Canonical Sequential Record 0128: T19.1,05_Axiom_Nodes_191,396,1,2,0,48.0,Working Note
\\dlowenas\zobsidian\Theophysics_Vault\00_REFINED_PAPERS_MASTER\05_Axiom_Nodes_191\0133_P0_P0_Origin_Stage.md,Canonical Sequential Record 0133: P0,05_Axiom_Nodes_191,341,1,2,0,48.0,Working Note
\\dlowenas\zobsidian\Theophysics_Vault\00_REFINED_PAPERS_MASTER\05_Axiom_Nodes_191\0134_P1_P1_Consciousness_Stage.md,Canonical Sequential Record 0134: P1,05_Axiom_Nodes_191,299,1,2,0,48.0,Stub / Seed
\\dlowenas\zobsidian\Theophysics_Vault\00_REFINED_PAPERS_MASTER\05_Axiom_Nodes_191\0137_P4_P4_Agency_Stage.md,Canonical Sequential Record 0137: P4,05_Axiom_Nodes_191,349,1,2,0,48.0,Working Note
\\dlowenas\zobsidian\Theophysics_Vault\00_REFINED_PAPERS_MASTER\05_Axiom_Nodes_191\0138_P5_stage_P5_stage_Incompleteness_Stage.md,Canonical Sequential Record 0138: P5_stage,05_Axiom_Nodes_191,325,1,2,0,48.0,Working Note
\\dlowenas\zobsidian\Theophysics_Vault\00_REFINED_PAPERS_MASTER\05_Axiom_Nodes_191\0139_O1_O1_Information_Primitive.md,Canonical Sequential Record 0139: O1,05_Axiom_Nodes_191,338,1,2,0,48.0,Working Note
\\dlowenas\zobsidian\Theophysics_Vault\00_REFINED_PAPERS_MASTER\05_Axiom_Nodes_191\0144_SC-QUANTUM_SC_QUANTUM_Quantum_Scale_Coherence.md,Canonical Sequential Record 0144: SC-QUANTUM,05_Axiom_Nodes_191,351,1,2,0,48.0,Working Note
\\dlowenas\zobsidian\Theophysics_Vault\00_REFINED_PAPERS_MASTER\05_Axiom_Nodes_191\0147_SC-INDIVIDUAL_SC_INDIVIDUAL_Individual_Scale_Coherence.md,Canonical Sequential Record 0147: SC-INDIVIDUAL,05_Axiom_Nodes_191,368,1,2,0,48.0,Working Note
\\dlowenas\zobsidian\Theophysics_Vault\00_REFINED_PAPERS_MASTER\05_Axiom_Nodes_191\0155_FINAL-3_FINAL_3_Unique_Solution_Christianity.md,Canonical Sequential Record 0155: FINAL-3,05_Axiom_Nodes_191,338,1,2,0,48.0,Working Note
\\dlowenas\zobsidian\Theophysics_Vault\00_REFINED_PAPERS_MASTER\05_Axiom_Nodes_191\0156_CLOSURE_CLOSURE_Axiom_Chain_Complete.md,Canonical Sequential Record 0156: CLOSURE,05_Axiom_Nodes_191,325,1,2,0,48.0,Working Note
\\dlowenas\zobsidian\Theophysics_Vault\00_REFINED_PAPERS_MASTER\05_Axiom_Nodes_191\0157_OMEGA_OMEGA_Final_Axiom_-_Omega.md,Canonical Sequential Record 0157: OMEGA,05_Axiom_Nodes_191,362,1,2,2,48.0,Working Note
\\dlowenas\zobsidian\Theophysics_Vault\00_REFINED_PAPERS_MASTER\05_Axiom_Nodes_191\0159_EXP5.2_EXP5_2_Quantum_Eraser.md,Canonical Sequential Record 0159: EXP5.2,05_Axiom_Nodes_191,317,1,2,0,48.0,Working Note
\\dlowenas\zobsidian\Theophysics_Vault\00_REFINED_PAPERS_MASTER\05_Axiom_Nodes_191\0167_OPEN17.1_OPEN17_1_AI_Moral_Status_Question.md,Canonical Sequential Record 0167: OPEN17.1,05_Axiom_Nodes_191,352,1,2,0,48.0,Working Note
\\dlowenas\zobsidian\Theophysics_Vault\00_REFINED_PAPERS_MASTER\05_Axiom_Nodes_191\0169_PROT18.2_PROT18_2_Consciousness_Collapse_Test.md,Canonical Sequential Record 0169: PROT18.2,05_Axiom_Nodes_191,319,1,2,0,48.0,Working Note
\\dlowenas\zobsidian\Theophysics_Vault\00_REFINED_PAPERS_MASTER\05_Axiom_Nodes_191\0173_PRED18.1_PRED18_1_H0_Prediction_2025-2030.md,Canonical Sequential Record 0173: PRED18.1,05_Axiom_Nodes_191,360,1,2,0,48.0,Working Note
\\dlowenas\zobsidian\Theophysics_Vault\00_REFINED_PAPERS_MASTER\05_Axiom_Nodes_191\0177_FALS18.3_FALS18_3_BC_Falsification.md,Canonical Sequential Record 0177: FALS18.3,05_Axiom_Nodes_191,385,1,2,0,48.0,Working Note
\\dlowenas\zobsidian\Theophysics_Vault\00_REFINED_PAPERS_MASTER\05_Axiom_Nodes_191\0178_A19.1_A19_1_Master_Equation_Integration.md,Canonical Sequential Record 0178: A19.1,05_Axiom_Nodes_191,403,1,2,0,48.0,Working Note
\\dlowenas\zobsidian\Theophysics_Vault\00_REFINED_PAPERS_MASTER\05_Axiom_Nodes_191\0181_F2_F2_Joy_Measurement_Domain.md,Canonical Sequential Record 0181: F2,05_Axiom_Nodes_191,370,1,2,1,48.0,Working Note
\\dlowenas\zobsidian\Theophysics_Vault\00_REFINED_PAPERS_MASTER\05_Axiom_Nodes_191\0190_BRIDGE-INFO-MIND_BRIDGE_INFO_MIND_Information-Consciousness_Bridge.md,Canonical Sequential Record 0190: BRIDGE-INFO-MIND,05_Axiom_Nodes_191,331,1,2,0,48.0,Working Note
\\dlowenas\zobsidian\Theophysics_Vault\01_Cannon_Papers\THE_DEVILS_CALCULUS_WHEN_MATH_BECOMES_A_WEAPON.md,The Devil's Calculus: When Math Becomes a Weapon,01_Cannon_Papers,1931,3,2,0,44.0,Comprehensive Essay
\\dlowenas\zobsidian\Theophysics_Vault\00_REFINED_PAPERS_MASTER\03_Core_Cannon_Papers\THE_DEVILS_CALCULUS_WHEN_MATH_BECOMES_A_WEAPON.md,The Devil's Calculus: When Math Becomes a Weapon,03_Core_Cannon_Papers,1931,3,2,0,44.0,Comprehensive Essay
\\dlowenas\zobsidian\Theophysics_Vault\02_Evidence_Matrix\47_Formal_Logic_and_Epistemic_Intake\logic-requires-a-person-2026-08-18.knowledge.md,LOGIC REQUIRES A PERSON,47_Formal_Logic_and_Epistemic_Intake,2792,0,3,1,42.0,Comprehensive Essay
\\dlowenas\zobsidian\Theophysics_Vault\02_Evidence_Matrix\03_Love_as_Generative_Ground\fruits-01-love-generates-nine-forms.knowledge.md,https://jsp.ellpeck.de#53da41c1,03_Love_as_Generative_Ground,7449,0,2,3,40.0,Master Treatise
\\dlowenas\zobsidian\Theophysics_Vault\02_Evidence_Matrix\08_Fruits_Mathematical_Formalization\fruits-09-working-packet.knowledge.md,FRUITS OF THE SPIRIT — WORKING RESEARCH PACKET,08_Fruits_Mathematical_Formalization,4284,0,2,0,40.0,Master Treatise
\\dlowenas\zobsidian\Theophysics_Vault\02_Evidence_Matrix\15_PMM_Causal_Chain_and_Evidence_Logs\11-pm-intro-09-16.knowledge.md,author: David Lowe,15_PMM_Causal_Chain_and_Evidence_Logs,2539,1,3,2,40.0,Comprehensive Essay
\\dlowenas\zobsidian\Theophysics_Vault\02_Evidence_Matrix\37_Claim_Atom_Expansion_Layers\THE_CLAIM_ATOM_EXPANSION_CANON_v1_1_FOUR_OBJECT_LAYERS_FULL.md,THE CLAIM ATOM EXPANSION CANON v1.1 — FOUR-OBJECT FULL EDITION,37_Claim_Atom_Expansion_Layers,11713,0,2,1,40.0,Master Treatise
\\dlowenas\zobsidian\Theophysics_Vault\02_Evidence_Matrix\47_Formal_Logic_and_Epistemic_Intake\BRIDGE_EXPANSION_RULES.md,"Claim, Proof, And Bridge Expansion Rules",47_Formal_Logic_and_Epistemic_Intake,2015,0,2,0,40.0,Comprehensive Essay
\\dlowenas\zobsidian\Theophysics_Vault\00_REFINED_PAPERS_MASTER\05_Axiom_Nodes_191\0011_BC7_BC7_Information_Conservation.md,Canonical Sequential Record 0011: BC7,05_Axiom_Nodes_191,356,1,1,0,38.0,Working Note
\\dlowenas\zobsidian\Theophysics_Vault\00_REFINED_PAPERS_MASTER\05_Axiom_Nodes_191\0012_BC8_BC8_Voluntary_Coupling.md,Canonical Sequential Record 0012: BC8,05_Axiom_Nodes_191,386,1,1,0,38.0,Working Note
\\dlowenas\zobsidian\Theophysics_Vault\00_REFINED_PAPERS_MASTER\05_Axiom_Nodes_191\0013_D1.1_D1_1_Information_Definition.md,Canonical Sequential Record 0013: D1.1,05_Axiom_Nodes_191,365,1,1,0,38.0,Working Note
\\dlowenas\zobsidian\Theophysics_Vault\00_REFINED_PAPERS_MASTER\05_Axiom_Nodes_191\0028_D5.3_D5_3_Witness_Field_Operator.md,Canonical Sequential Record 0028: D5.3,05_Axiom_Nodes_191,345,1,1,0,38.0,Working Note
\\dlowenas\zobsidian\Theophysics_Vault\00_REFINED_PAPERS_MASTER\05_Axiom_Nodes_191\0032_D8.1_D8_1_Sign_Operator.md,Canonical Sequential Record 0032: D8.1,05_Axiom_Nodes_191,383,1,1,0,38.0,Working Note
\\dlowenas\zobsidian\Theophysics_Vault\00_REFINED_PAPERS_MASTER\05_Axiom_Nodes_191\0034_E9.1_E9_1_Grace_Function_Gt.md,Canonical Sequential Record 0034: E9.1,05_Axiom_Nodes_191,459,1,1,0,38.0,Working Note
\\dlowenas\zobsidian\Theophysics_Vault\00_REFINED_PAPERS_MASTER\05_Axiom_Nodes_191\0039_D12.2_D12_2_Fragmentation_Attractor.md,Canonical Sequential Record 0039: D12.2,05_Axiom_Nodes_191,393,1,1,0,38.0,Working Note
\\dlowenas\zobsidian\Theophysics_Vault\00_REFINED_PAPERS_MASTER\05_Axiom_Nodes_191\0041_D13.1_D13_1_Unified_Field_Lagrangian.md,Canonical Sequential Record 0041: D13.1,05_Axiom_Nodes_191,381,1,1,0,38.0,Working Note
\\dlowenas\zobsidian\Theophysics_Vault\00_REFINED_PAPERS_MASTER\05_Axiom_Nodes_191\0044_D17.1_D17_1_AI_Phi_Measurement.md,Canonical Sequential Record 0044: D17.1,05_Axiom_Nodes_191,355,1,1,0,38.0,Working Note
\\dlowenas\zobsidian\Theophysics_Vault\00_REFINED_PAPERS_MASTER\05_Axiom_Nodes_191\0045_D19.1_D19_1_Law_I_Logos-Lagrangian.md,Canonical Sequential Record 0045: D19.1,05_Axiom_Nodes_191,348,1,1,0,38.0,Working Note
\\dlowenas\zobsidian\Theophysics_Vault\00_REFINED_PAPERS_MASTER\05_Axiom_Nodes_191\0048_D19.4_D19_4_Law_IV_Grace_Dynamics.md,Canonical Sequential Record 0048: D19.4,05_Axiom_Nodes_191,464,1,1,0,38.0,Working Note
\\dlowenas\zobsidian\Theophysics_Vault\00_REFINED_PAPERS_MASTER\05_Axiom_Nodes_191\0049_D19.5_D19_5_Law_V_Conservation_Symmetry.md,Canonical Sequential Record 0049: D19.5,05_Axiom_Nodes_191,395,1,1,0,38.0,Working Note
\\dlowenas\zobsidian\Theophysics_Vault\00_REFINED_PAPERS_MASTER\05_Axiom_Nodes_191\0051_D19.7_D19_7_Law_VII_Actualization_Requirement.md,Canonical Sequential Record 0051: D19.7,05_Axiom_Nodes_191,354,1,1,0,38.0,Working Note
\\dlowenas\zobsidian\Theophysics_Vault\00_REFINED_PAPERS_MASTER\05_Axiom_Nodes_191\0052_D19.8_D19_8_Law_VIII_Sign_Algebra.md,Canonical Sequential Record 0052: D19.8,05_Axiom_Nodes_191,362,1,1,0,38.0,Working Note
\\dlowenas\zobsidian\Theophysics_Vault\00_REFINED_PAPERS_MASTER\05_Axiom_Nodes_191\0071_A5.2_A5_2_Participatory_Universe.md,Canonical Sequential Record 0071: A5.2,05_Axiom_Nodes_191,344,1,1,0,38.0,Working Note
\\dlowenas\zobsidian\Theophysics_Vault\00_REFINED_PAPERS_MASTER\05_Axiom_Nodes_191\0072_P5.1_P5_1_Phi_Admits_Degrees.md,Canonical Sequential Record 0072: P5.1,05_Axiom_Nodes_191,352,1,1,0,38.0,Working Note
\\dlowenas\zobsidian\Theophysics_Vault\00_REFINED_PAPERS_MASTER\05_Axiom_Nodes_191\0073_P5.2_P5_2_Observer_Effect_Proportional_To_Phi.md,Canonical Sequential Record 0073: P5.2,05_Axiom_Nodes_191,375,1,1,0,38.0,Working Note
\\dlowenas\zobsidian\Theophysics_Vault\00_REFINED_PAPERS_MASTER\05_Axiom_Nodes_191\0079_P6.1_P6_1_Collapse_Rate_Proportional_To_Phi.md,Canonical Sequential Record 0079: P6.1,05_Axiom_Nodes_191,365,1,1,0,38.0,Working Note
\\dlowenas\zobsidian\Theophysics_Vault\00_REFINED_PAPERS_MASTER\05_Axiom_Nodes_191\0082_LN6.1_LN6_1_Terminal_Observer_Necessity.md,Canonical Sequential Record 0082: LN6.1,05_Axiom_Nodes_191,347,1,1,0,38.0,Working Note
\\dlowenas\zobsidian\Theophysics_Vault\00_REFINED_PAPERS_MASTER\05_Axiom_Nodes_191\0085_BC1_BC1_Terminal_Observer_Exists.md,Canonical Sequential Record 0085: BC1,05_Axiom_Nodes_191,377,1,1,0,38.0,Working Note
\\dlowenas\zobsidian\Theophysics_Vault\00_REFINED_PAPERS_MASTER\05_Axiom_Nodes_191\0090_PERSONHOOD_PERSONHOOD_Agency_Intentionality_Relational_Capacity.md,Canonical Sequential Record 0090: PERSONHOOD,05_Axiom_Nodes_191,350,1,1,0,38.0,Working Note
\\dlowenas\zobsidian\Theophysics_Vault\00_REFINED_PAPERS_MASTER\05_Axiom_Nodes_191\0091_A8.1_A8_1_Binary_Distinction.md,Canonical Sequential Record 0091: A8.1,05_Axiom_Nodes_191,362,1,1,0,38.0,Working Note
\\dlowenas\zobsidian\Theophysics_Vault\00_REFINED_PAPERS_MASTER\05_Axiom_Nodes_191\0092_A8.2_A8_2_Sign_Conservation.md,Canonical Sequential Record 0092: A8.2,05_Axiom_Nodes_191,359,1,1,0,38.0,Working Note
\\dlowenas\zobsidian\Theophysics_Vault\00_REFINED_PAPERS_MASTER\05_Axiom_Nodes_191\0093_T8.1_T8_1_Sign_Invariance_Theorem.md,Canonical Sequential Record 0093: T8.1,05_Axiom_Nodes_191,365,1,1,0,38.0,Working Note
\\dlowenas\zobsidian\Theophysics_Vault\00_REFINED_PAPERS_MASTER\05_Axiom_Nodes_191\0094_C8.1_C8_1_Self-Flip_Impossible.md,Canonical Sequential Record 0094: C8.1,05_Axiom_Nodes_191,333,1,1,1,38.0,Working Note
\\dlowenas\zobsidian\Theophysics_Vault\00_REFINED_PAPERS_MASTER\05_Axiom_Nodes_191\0095_C8.2_C8_2_Works_Salvation_Impossible.md,Canonical Sequential Record 0095: C8.2,05_Axiom_Nodes_191,338,1,1,2,38.0,Working Note
\\dlowenas\zobsidian\Theophysics_Vault\00_REFINED_PAPERS_MASTER\05_Axiom_Nodes_191\0097_A9.2_A9_2_Non-Unitarity_Of_Grace.md,Canonical Sequential Record 0097: A9.2,05_Axiom_Nodes_191,348,1,1,0,38.0,Working Note
\\dlowenas\zobsidian\Theophysics_Vault\00_REFINED_PAPERS_MASTER\05_Axiom_Nodes_191\0102_P9.5_P9_5_Grace_Available_To_All.md,Canonical Sequential Record 0102: P9.5,05_Axiom_Nodes_191,395,1,1,1,38.0,Working Note
\\dlowenas\zobsidian\Theophysics_Vault\00_REFINED_PAPERS_MASTER\05_Axiom_Nodes_191\0105_P10.1_P10_1_Soul_Continuity.md,Canonical Sequential Record 0105: P10.1,05_Axiom_Nodes_191,378,1,1,0,38.0,Working Note
\\dlowenas\zobsidian\Theophysics_Vault\00_REFINED_PAPERS_MASTER\05_Axiom_Nodes_191\0106_P10.2_P10_2_Soul_Identity_Persistence.md,Canonical Sequential Record 0106: P10.2,05_Axiom_Nodes_191,338,1,1,0,38.0,Working Note
\\dlowenas\zobsidian\Theophysics_Vault\00_REFINED_PAPERS_MASTER\05_Axiom_Nodes_191\0108_A11.2_A11_2_Coherence-Morality_Identity.md,Canonical Sequential Record 0108: A11.2,05_Axiom_Nodes_191,370,1,1,0,38.0,Working Note
\\dlowenas\zobsidian\Theophysics_Vault\00_REFINED_PAPERS_MASTER\05_Axiom_Nodes_191\0110_T11.2_T11_2_Vice_As_Decoherence.md,Canonical Sequential Record 0110: T11.2,05_Axiom_Nodes_191,386,1,1,0,38.0,Working Note
\\dlowenas\zobsidian\Theophysics_Vault\00_REFINED_PAPERS_MASTER\05_Axiom_Nodes_191\0112_A12.2_A12_2_Bimodal_Outcome.md,Canonical Sequential Record 0112: A12.2,05_Axiom_Nodes_191,347,1,1,0,38.0,Working Note
\\dlowenas\zobsidian\Theophysics_Vault\00_REFINED_PAPERS_MASTER\05_Axiom_Nodes_191\0113_T12.1_T12_1_Heaven_As_High-Phi_Attractor.md,Canonical Sequential Record 0113: T12.1,05_Axiom_Nodes_191,395,1,1,0,38.0,Working Note
\\dlowenas\zobsidian\Theophysics_Vault\00_REFINED_PAPERS_MASTER\05_Axiom_Nodes_191\0114_T12.2_T12_2_Hell_As_Low-Phi_Attractor.md,Canonical Sequential Record 0114: T12.2,05_Axiom_Nodes_191,419,1,1,0,38.0,Working Note
\\dlowenas\zobsidian\Theophysics_Vault\00_REFINED_PAPERS_MASTER\05_Axiom_Nodes_191\0116_A13.2_A13_2_Geometry_From_Information.md,Canonical Sequential Record 0116: A13.2,05_Axiom_Nodes_191,361,1,1,0,38.0,Working Note
\\dlowenas\zobsidian\Theophysics_Vault\00_REFINED_PAPERS_MASTER\05_Axiom_Nodes_191\0120_T16.1_T16_1_Christianity_8_of_8_BCs.md,Canonical Sequential Record 0120: T16.1,05_Axiom_Nodes_191,507,1,1,0,38.0,Working Note
\\dlowenas\zobsidian\Theophysics_Vault\00_REFINED_PAPERS_MASTER\05_Axiom_Nodes_191\0121_T16.2_T16_2_Islam_Fails_BC4.md,Canonical Sequential Record 0121: T16.2,05_Axiom_Nodes_191,356,1,1,0,38.0,Working Note
\\dlowenas\zobsidian\Theophysics_Vault\00_REFINED_PAPERS_MASTER\05_Axiom_Nodes_191\0122_T16.3_T16_3_Judaism_Fails_BC_Completion.md,Canonical Sequential Record 0122: T16.3,05_Axiom_Nodes_191,497,1,1,0,38.0,Working Note
\\dlowenas\zobsidian\Theophysics_Vault\00_REFINED_PAPERS_MASTER\05_Axiom_Nodes_191\0125_T16.6_T16_6_Atheism_Fails_All_BCs.md,Canonical Sequential Record 0125: T16.6,05_Axiom_Nodes_191,357,1,1,0,38.0,Working Note
\\dlowenas\zobsidian\Theophysics_Vault\00_REFINED_PAPERS_MASTER\05_Axiom_Nodes_191\0129_INV9_INV9_Attunement_Calibration.md,Canonical Sequential Record 0129: INV9,05_Axiom_Nodes_191,360,1,1,0,38.0,Working Note
\\dlowenas\zobsidian\Theophysics_Vault\00_REFINED_PAPERS_MASTER\05_Axiom_Nodes_191\0143_LAMBDA_LAMBDA_Logos-Christ_Completion.md,Canonical Sequential Record 0143: LAMBDA,05_Axiom_Nodes_191,384,1,1,1,38.0,Working Note
\\dlowenas\zobsidian\Theophysics_Vault\00_REFINED_PAPERS_MASTER\05_Axiom_Nodes_191\0149_SC-COSMIC_SC_COSMIC_Cosmic_Scale_Coherence.md,Canonical Sequential Record 0149: SC-COSMIC,05_Axiom_Nodes_191,324,1,1,0,38.0,Working Note
\\dlowenas\zobsidian\Theophysics_Vault\00_REFINED_PAPERS_MASTER\05_Axiom_Nodes_191\0153_FINAL-1_FINAL_1_Logos_Theorem_Master_Theorem.md,Canonical Sequential Record 0153: FINAL-1,05_Axiom_Nodes_191,356,1,1,0,38.0,Working Note
\\dlowenas\zobsidian\Theophysics_Vault\00_REFINED_PAPERS_MASTER\05_Axiom_Nodes_191\0158_EXP5.1_EXP5_1_Wheeler_Delayed_Choice.md,Canonical Sequential Record 0158: EXP5.1,05_Axiom_Nodes_191,324,1,1,0,38.0,Working Note
\\dlowenas\zobsidian\Theophysics_Vault\00_REFINED_PAPERS_MASTER\05_Axiom_Nodes_191\0160_A14.2_A14_2_Grace_Cosmology.md,Canonical Sequential Record 0160: A14.2,05_Axiom_Nodes_191,308,1,1,0,38.0,Working Note
\\dlowenas\zobsidian\Theophysics_Vault\00_REFINED_PAPERS_MASTER\05_Axiom_Nodes_191\0161_PRED14.1_PRED14_1_H0_Tension_Resolution.md,Canonical Sequential Record 0161: PRED14.1,05_Axiom_Nodes_191,356,1,1,0,38.0,Working Note
\\dlowenas\zobsidian\Theophysics_Vault\00_REFINED_PAPERS_MASTER\05_Axiom_Nodes_191\0164_EV15.3_EV15_3_PEAR_Lab_Results.md,Canonical Sequential Record 0164: EV15.3,05_Axiom_Nodes_191,350,1,1,0,38.0,Working Note
\\dlowenas\zobsidian\Theophysics_Vault\00_REFINED_PAPERS_MASTER\05_Axiom_Nodes_191\0166_A17.1_A17_1_Phi_Threshold_For_Consciousness.md,Canonical Sequential Record 0166: A17.1,05_Axiom_Nodes_191,359,1,1,0,38.0,Working Note
\\dlowenas\zobsidian\Theophysics_Vault\00_REFINED_PAPERS_MASTER\05_Axiom_Nodes_191\0168_PROT18.1_PROT18_1_Trinity_Observer_Effect.md,Canonical Sequential Record 0168: PROT18.1,05_Axiom_Nodes_191,321,1,1,0,38.0,Working Note
\\dlowenas\zobsidian\Theophysics_Vault\00_REFINED_PAPERS_MASTER\05_Axiom_Nodes_191\0170_PROT18.3_PROT18_3_Grace_Negentropy_Detection.md,Canonical Sequential Record 0170: PROT18.3,05_Axiom_Nodes_191,343,1,1,0,38.0,Working Note
\\dlowenas\zobsidian\Theophysics_Vault\00_REFINED_PAPERS_MASTER\05_Axiom_Nodes_191\0174_PRED18.2_PRED18_2_GCP_Event_Prediction.md,Canonical Sequential Record 0174: PRED18.2,05_Axiom_Nodes_191,330,1,1,0,38.0,Working Note
\\dlowenas\zobsidian\Theophysics_Vault\00_REFINED_PAPERS_MASTER\05_Axiom_Nodes_191\0180_F1_F1_Love_Measurement_Domain.md,Canonical Sequential Record 0180: F1,05_Axiom_Nodes_191,339,1,1,1,38.0,Working Note
\\dlowenas\zobsidian\Theophysics_Vault\00_REFINED_PAPERS_MASTER\05_Axiom_Nodes_191\0182_F3_F3_Peace_Measurement_Domain.md,Canonical Sequential Record 0182: F3,05_Axiom_Nodes_191,324,1,1,1,38.0,Working Note
\\dlowenas\zobsidian\Theophysics_Vault\00_REFINED_PAPERS_MASTER\05_Axiom_Nodes_191\0183_F4_F4_Patience_Measurement_Domain.md,Canonical Sequential Record 0183: F4,05_Axiom_Nodes_191,318,1,1,1,38.0,Working Note
\\dlowenas\zobsidian\Theophysics_Vault\00_REFINED_PAPERS_MASTER\05_Axiom_Nodes_191\0186_F7_F7_Faithfulness_Measurement_Domain.md,Canonical Sequential Record 0186: F7,05_Axiom_Nodes_191,342,1,1,1,38.0,Working Note
\\dlowenas\zobsidian\Theophysics_Vault\00_REFINED_PAPERS_MASTER\05_Axiom_Nodes_191\0187_F8_F8_Gentleness_Measurement_Domain.md,Canonical Sequential Record 0187: F8,05_Axiom_Nodes_191,337,1,1,1,38.0,Working Note
\\dlowenas\zobsidian\Theophysics_Vault\00_REFINED_PAPERS_MASTER\05_Axiom_Nodes_191\0188_F9_F9_Self-Control_Measurement_Domain.md,Canonical Sequential Record 0188: F9,05_Axiom_Nodes_191,317,1,1,1,38.0,Working Note
\\dlowenas\zobsidian\Theophysics_Vault\00_REFINED_PAPERS_MASTER\05_Axiom_Nodes_191\0189_BRIDGE-PHY-THEO_BRIDGE_PHY_THEO_Physics-Theology_Bridge.md,Canonical Sequential Record 0189: BRIDGE-PHY-THEO,05_Axiom_Nodes_191,359,1,1,0,38.0,Working Note
\\dlowenas\zobsidian\Theophysics_Vault\02_Evidence_Matrix\05_Fruits_Foundations_and_Ontology\fruits-05-paper-strategy-one-root-nine-forms.knowledge.md,"date: ""2026-08-18""",05_Fruits_Foundations_and_Ontology,2809,3,1,0,34.0,Comprehensive Essay
\\dlowenas\zobsidian\Theophysics_Vault\01_Cannon_Papers\THE_ONE_STORY_TOLD_TWELVE_TIMES.md,The One Story Told Twelve Times,01_Cannon_Papers,1454,0,5,12,32.0,Comprehensive Essay
\\dlowenas\zobsidian\Theophysics_Vault\00_REFINED_PAPERS_MASTER\03_Core_Cannon_Papers\THE_ONE_STORY_TOLD_TWELVE_TIMES.md,The One Story Told Twelve Times,03_Core_Cannon_Papers,1454,0,5,12,32.0,Comprehensive Essay
\\dlowenas\zobsidian\Theophysics_Vault\02_Evidence_Matrix\01_Trinitarian_Ground_and_A0_Ontology\00b-fp-the-trinity-generates-numbers-02-07.knowledge.md,ckg_evaluation:,01_Trinitarian_Ground_and_A0_Ontology,3393,0,4,1,32.0,Comprehensive Essay
\\dlowenas\zobsidian\Theophysics_Vault\02_Evidence_Matrix\01_Trinitarian_Ground_and_A0_Ontology\02-2-2-the-trinity-03-05.knowledge.md,ckg_evaluation:,01_Trinitarian_Ground_and_A0_Ontology,3724,0,5,0,32.0,Master Treatise
\\dlowenas\zobsidian\Theophysics_Vault\02_Evidence_Matrix\14_Principia_Mathematica_Moralia_Core\07-pm-principia-mathematica-moralia-05-16.knowledge.md,ckg_evaluation:,14_Principia_Mathematica_Moralia_Core,4267,0,24,0,32.0,Master Treatise
\\dlowenas\zobsidian\Theophysics_Vault\02_Evidence_Matrix\46_The_Master_Story_Series\04-2-2-the-one-story-told-twelve-times-05-05.knowledge.md,ckg_evaluation:,46_The_Master_Story_Series,3691,0,5,12,32.0,Master Treatise
\\dlowenas\zobsidian\Theophysics_Vault\02_Evidence_Matrix\47_Formal_Logic_and_Epistemic_Intake\02_THE_AXIOM_SPEAKS.md,Audio & Images,47_Formal_Logic_and_Epistemic_Intake,6284,0,7,7,32.0,Master Treatise
\\dlowenas\zobsidian\Theophysics_Vault\01_Cannon_Papers\PRINCIPIA_MATHEMATICA_MORALIA.md,Principia Mathematica Moralia,01_Cannon_Papers,2536,0,20,0,30.0,Comprehensive Essay
\\dlowenas\zobsidian\Theophysics_Vault\01_Cannon_Papers\THE_CAUSAL_CHAIN_OF_OBSERVATIONAL_TRUTH.md,The Causal Chain of Observational Truth,01_Cannon_Papers,1753,0,3,0,30.0,Comprehensive Essay
\\dlowenas\zobsidian\Theophysics_Vault\00_REFINED_PAPERS_MASTER\03_Core_Cannon_Papers\PRINCIPIA_MATHEMATICA_MORALIA.md,Principia Mathematica Moralia,03_Core_Cannon_Papers,2536,0,20,0,30.0,Comprehensive Essay
\\dlowenas\zobsidian\Theophysics_Vault\00_REFINED_PAPERS_MASTER\03_Core_Cannon_Papers\THE_CAUSAL_CHAIN_OF_OBSERVATIONAL_TRUTH.md,The Causal Chain of Observational Truth,03_Core_Cannon_Papers,1753,0,3,0,30.0,Comprehensive Essay
\\dlowenas\zobsidian\Theophysics_Vault\02_Evidence_Matrix\01_Trinitarian_Ground_and_A0_Ontology\AXIOM_DOSSIER_A0_GOD_TRINITARIAN_GROUND_v0.2_FULL.md,Axiom Dossier A0,01_Trinitarian_Ground_and_A0_Ontology,4810,0,1,0,30.0,Master Treatise
\\dlowenas\zobsidian\Theophysics_Vault\02_Evidence_Matrix\10_Numbers_in_God_Master_Outlines\numbers-in-god-session-handoff-2026-08-07.knowledge.md,Numbers in God — Session Handoff (2026-08-07),10_Numbers_in_God_Master_Outlines,2797,0,4,0,30.0,Comprehensive Essay
\\dlowenas\zobsidian\Theophysics_Vault\02_Evidence_Matrix\16_PMM_Amorality_Refutations\09-pm-the-absurd-alternative-07-16.knowledge.md,ckg_evaluation:,16_PMM_Amorality_Refutations,4240,0,3,0,30.0,Master Treatise
\\dlowenas\zobsidian\Theophysics_Vault\02_Evidence_Matrix\22_First_Atom_and_Cosmic_Beginning\first-atom-big-bang-2026-08-18.knowledge.md,THE FIRST ATOM — Existence and Distinction in the Big Bang,22_First_Atom_and_Cosmic_Beginning,3077,0,3,0,30.0,Comprehensive Essay
\\dlowenas\zobsidian\Theophysics_Vault\02_Evidence_Matrix\24_Resurrection_Coupling_Architecture\resurrection-coupling-architecture.knowledge.md,**David Lowe POF 2828 — Theophysics Research Program**,24_Resurrection_Coupling_Architecture,9432,0,1,3,30.0,Master Treatise
\\dlowenas\zobsidian\Theophysics_Vault\02_Evidence_Matrix\26_Grace_Ledger_and_Debt_Mechanics\b02_The_Four_Debts.md,02 — The Four Debts,26_Grace_Ledger_and_Debt_Mechanics,992,0,5,0,30.0,Working Note
\\dlowenas\zobsidian\Theophysics_Vault\02_Evidence_Matrix\27_Bidirectional_Grammar_Canon\Bidirectional First-Principles Discovery Grammar.md,Bidirectional First-Principles Discovery Grammar,27_Bidirectional_Grammar_Canon,5475,0,1,0,30.0,Master Treatise
\\dlowenas\zobsidian\Theophysics_Vault\02_Evidence_Matrix\27_Bidirectional_Grammar_Canon\BIDIRECTIONAL_FIRST_PRINCIPLES_DISCOVERY_GRAMMAR_CANON_v1.0.md,Bidirectional First-Principles Discovery Grammar,27_Bidirectional_Grammar_Canon,5475,0,1,0,30.0,Master Treatise
\\dlowenas\zobsidian\Theophysics_Vault\02_Evidence_Matrix\27_Bidirectional_Grammar_Canon\BIDIRECTIONAL_FIRST_PRINCIPLES_DISCOVERY_GRAMMAR_v0.1.md,Bidirectional First-Principles Discovery Grammar,27_Bidirectional_Grammar_Canon,2844,0,1,0,30.0,Comprehensive Essay
\\dlowenas\zobsidian\Theophysics_Vault\02_Evidence_Matrix\28_Bidirectional_Grammar_Hard_Trials\BIDIRECTIONAL_GRAMMAR_HARD_CASE_TRIALS_v0.1.md,Bidirectional Grammar — Three Hard-Case Trials,28_Bidirectional_Grammar_Hard_Trials,4285,0,1,0,30.0,Master Treatise
\\dlowenas\zobsidian\Theophysics_Vault\02_Evidence_Matrix\29_Unified_Grammar_Methodology\00_UNIFIED_GRAMMAR_CANONICAL_METHODOLOGY_v1.0.md,THE UNIFIED GRAMMAR — CANONICAL METHODOLOGY v1.0,29_Unified_Grammar_Methodology,3782,0,1,0,30.0,Master Treatise
\\dlowenas\zobsidian\Theophysics_Vault\02_Evidence_Matrix\29_Unified_Grammar_Methodology\Unified_Derivation_Grammar_v0.2.md,Unified Derivation Grammar Schema v0.2,29_Unified_Grammar_Methodology,2551,0,1,0,30.0,Comprehensive Essay
\\dlowenas\zobsidian\Theophysics_Vault\02_Evidence_Matrix\30_Blind_Reconstruction_Protocols\AXIOM_A0_INTEGRATION_AND_RERUN_SPEC_v0.2.md,Axiom One Integration and 180-Record Rerun Specification,30_Blind_Reconstruction_Protocols,1869,0,1,0,30.0,Comprehensive Essay
\\dlowenas\zobsidian\Theophysics_Vault\02_Evidence_Matrix\30_Blind_Reconstruction_Protocols\CANONICAL_BLIND_RECONSTRUCTION_PROTOCOL_v0_1.md,Canonical Blind Reconstruction Protocol,30_Blind_Reconstruction_Protocols,1517,0,1,0,30.0,Comprehensive Essay
\\dlowenas\zobsidian\Theophysics_Vault\02_Evidence_Matrix\31_Master_Axiom_Flow_Series\THEOPHYSICS AXIOM FLOW 1.md,THEOPHYSICS AXIOM FLOW,31_Master_Axiom_Flow_Series,44840,0,39,58,30.0,Master Treatise
\\dlowenas\zobsidian\Theophysics_Vault\02_Evidence_Matrix\31_Master_Axiom_Flow_Series\THEOPHYSICS AXIOM FLOW 2.md,THEOPHYSICS AXIOM FLOW,31_Master_Axiom_Flow_Series,44846,0,39,58,30.0,Master Treatise
\\dlowenas\zobsidian\Theophysics_Vault\02_Evidence_Matrix\31_Master_Axiom_Flow_Series\THEOPHYSICS AXIOM FLOW.md,THEOPHYSICS AXIOM FLOW,31_Master_Axiom_Flow_Series,44845,0,39,58,30.0,Master Treatise
\\dlowenas\zobsidian\Theophysics_Vault\02_Evidence_Matrix\31_Master_Axiom_Flow_Series\theophysics-axiom-flow-1.knowledge.md,THEOPHYSICS AXIOM FLOW,31_Master_Axiom_Flow_Series,47627,0,39,58,30.0,Master Treatise
\\dlowenas\zobsidian\Theophysics_Vault\02_Evidence_Matrix\31_Master_Axiom_Flow_Series\theophysics-axiom-flow-2.knowledge.md,THEOPHYSICS AXIOM FLOW,31_Master_Axiom_Flow_Series,47385,0,39,58,30.0,Master Treatise
\\dlowenas\zobsidian\Theophysics_Vault\02_Evidence_Matrix\31_Master_Axiom_Flow_Series\theophysics-axiom-flow.knowledge.md,THEOPHYSICS AXIOM FLOW,31_Master_Axiom_Flow_Series,47895,0,39,58,30.0,Master Treatise
\\dlowenas\zobsidian\Theophysics_Vault\02_Evidence_Matrix\32_Master_Equation_of_Reality\p05-the-equation-the-master-equation-of-reality.epistemic.md,P05: The Equation - The Master Equation of Reality,32_Master_Equation_of_Reality,3577,0,1,0,30.0,Master Treatise
\\dlowenas\zobsidian\Theophysics_Vault\02_Evidence_Matrix\33_Axiom_Chain_Unified_Series\FIRST_PRINCIPLES_AXIOM_CONSTRUCTION_GRAMMAR_v1.0.md,First-Principles Axiom Construction Grammar,33_Axiom_Chain_Unified_Series,2186,0,1,0,30.0,Comprehensive Essay
\\dlowenas\zobsidian\Theophysics_Vault\02_Evidence_Matrix\38_Supra_Infraque_Universal_Bridges\SUPRA_INFRAQUE_UNIVERSAL_BRIDGE_LAYER_v1.md,SUPRA INFRAQUE,38_Supra_Infraque_Universal_Bridges,2678,0,1,0,30.0,Comprehensive Essay
\\dlowenas\zobsidian\Theophysics_Vault\02_Evidence_Matrix\39_Supra_Infraque_Radical_Schema\Radical storage schema redesign - Claude.md,FIS pipes in after every classification,39_Supra_Infraque_Radical_Schema,17111,0,1,0,30.0,Master Treatise
\\dlowenas\zobsidian\Theophysics_Vault\02_Evidence_Matrix\39_Supra_Infraque_Radical_Schema\SUPRA_INFRAQUE_RADICAL_EPISTEMIC_SCHEMA_v1.md,SUPRA INFRAQUE,39_Supra_Infraque_Radical_Schema,3853,0,1,0,30.0,Master Treatise
\\dlowenas\zobsidian\Theophysics_Vault\02_Evidence_Matrix\43_The_Five_Walls_and_Middle_Axioms\the-five-walls.md,The Five Walls: Why the Framework Stops Where It Stops,43_The_Five_Walls_and_Middle_Axioms,1413,0,5,0,30.0,Comprehensive Essay
\\dlowenas\zobsidian\Theophysics_Vault\02_Evidence_Matrix\45_Unification_Governance_and_Atlas\CONSILIENCE_ATLAS_UNIFIED_SYSTEM_CANON_v1_0_FREEZE_CANDIDATE.md,CONSILIENCE ATLAS — UNIFIED SYSTEM CANON,45_Unification_Governance_and_Atlas,4251,0,1,0,30.0,Master Treatise
\\dlowenas\zobsidian\Theophysics_Vault\02_Evidence_Matrix\46_The_Master_Story_Series\THE_STORY.md,The Story,46_The_Master_Story_Series,2205,0,5,12,30.0,Comprehensive Essay
\\dlowenas\zobsidian\Theophysics_Vault\02_Evidence_Matrix\47_Formal_Logic_and_Epistemic_Intake\'.md,Bidirectional First-Principles Discovery Grammar,47_Formal_Logic_and_Epistemic_Intake,5475,0,1,0,30.0,Master Treatise
\\dlowenas\zobsidian\Theophysics_Vault\02_Evidence_Matrix\47_Formal_Logic_and_Epistemic_Intake\00-2-2-introduction-01-05.knowledge.md,ckg_evaluation:,47_Formal_Logic_and_Epistemic_Intake,2691,0,4,1,30.0,Comprehensive Essay
\\dlowenas\zobsidian\Theophysics_Vault\02_Evidence_Matrix\47_Formal_Logic_and_Epistemic_Intake\00_MANIFEST.md,PUBLISHED CANON — Reading Order & Manifest,47_Formal_Logic_and_Epistemic_Intake,1094,0,1,0,30.0,Working Note
\\dlowenas\zobsidian\Theophysics_Vault\00_REFINED_PAPERS_MASTER\05_Axiom_Nodes_191\0010_BC2_BC2_Grace_External_To_System.md,Canonical Sequential Record 0010: BC2,05_Axiom_Nodes_191,372,1,0,0,28.0,Working Note
\\dlowenas\zobsidian\Theophysics_Vault\00_REFINED_PAPERS_MASTER\05_Axiom_Nodes_191\0035_D10.1_D10_1_Soul_Field_Psi_S.md,Canonical Sequential Record 0035: D10.1,05_Axiom_Nodes_191,403,1,0,0,28.0,Working Note
\\dlowenas\zobsidian\Theophysics_Vault\00_REFINED_PAPERS_MASTER\05_Axiom_Nodes_191\0040_E12.1_E12_1_Destiny_Equation.md,Canonical Sequential Record 0040: E12.1,05_Axiom_Nodes_191,410,1,0,0,28.0,Working Note
\\dlowenas\zobsidian\Theophysics_Vault\00_REFINED_PAPERS_MASTER\05_Axiom_Nodes_191\0042_E13.1_E13_1_GR-QM_Bridge_Equation.md,Canonical Sequential Record 0042: E13.1,05_Axiom_Nodes_191,381,1,0,0,28.0,Working Note
\\dlowenas\zobsidian\Theophysics_Vault\00_REFINED_PAPERS_MASTER\05_Axiom_Nodes_191\0043_D14.1_D14_1_Cosmological_Grace_Function.md,Canonical Sequential Record 0043: D14.1,05_Axiom_Nodes_191,358,1,0,0,28.0,Working Note
\\dlowenas\zobsidian\Theophysics_Vault\00_REFINED_PAPERS_MASTER\05_Axiom_Nodes_191\0087_BC5_BC5_Superposition_Preserved_Until_Collapse.md,Canonical Sequential Record 0087: BC5,05_Axiom_Nodes_191,379,1,0,0,28.0,Working Note
\\dlowenas\zobsidian\Theophysics_Vault\00_REFINED_PAPERS_MASTER\05_Axiom_Nodes_191\0088_BC9_BC9_Opacity_Requirement.md,Canonical Sequential Record 0088: BC9,05_Axiom_Nodes_191,371,1,0,0,28.0,Working Note
\\dlowenas\zobsidian\Theophysics_Vault\00_REFINED_PAPERS_MASTER\05_Axiom_Nodes_191\0089_ID7.1_ID7_1_Terminal_Observer_Is_God.md,Canonical Sequential Record 0089: ID7.1,05_Axiom_Nodes_191,335,1,0,0,28.0,Working Note
\\dlowenas\zobsidian\Theophysics_Vault\00_REFINED_PAPERS_MASTER\05_Axiom_Nodes_191\0099_P9.2_P9_2_Voluntary_Coupling_Preserved.md,Canonical Sequential Record 0099: P9.2,05_Axiom_Nodes_191,343,1,0,0,28.0,Working Note
\\dlowenas\zobsidian\Theophysics_Vault\00_REFINED_PAPERS_MASTER\05_Axiom_Nodes_191\0100_P9.3_P9_3_Information_Preserved_Under_Grace.md,Canonical Sequential Record 0100: P9.3,05_Axiom_Nodes_191,350,1,0,0,28.0,Working Note
\\dlowenas\zobsidian\Theophysics_Vault\00_REFINED_PAPERS_MASTER\05_Axiom_Nodes_191\0123_T16.4_T16_4_Buddhism_Fails_BC1.md,Canonical Sequential Record 0123: T16.4,05_Axiom_Nodes_191,358,1,0,0,28.0,Working Note
\\dlowenas\zobsidian\Theophysics_Vault\00_REFINED_PAPERS_MASTER\05_Axiom_Nodes_191\0131_U2_U2_Decoherence_Universal.md,Canonical Sequential Record 0131: U2,05_Axiom_Nodes_191,365,1,0,0,28.0,Working Note
\\dlowenas\zobsidian\Theophysics_Vault\00_REFINED_PAPERS_MASTER\05_Axiom_Nodes_191\0132_U3_U3_Grace_Universal.md,Canonical Sequential Record 0132: U3,05_Axiom_Nodes_191,354,1,0,0,28.0,Working Note
\\dlowenas\zobsidian\Theophysics_Vault\00_REFINED_PAPERS_MASTER\05_Axiom_Nodes_191\0162_EV15.1_EV15_1_Biblical_Prophecy_Validation.md,Canonical Sequential Record 0162: EV15.1,05_Axiom_Nodes_191,338,1,0,0,28.0,Working Note
\\dlowenas\zobsidian\Theophysics_Vault\00_REFINED_PAPERS_MASTER\05_Axiom_Nodes_191\0163_EV15.2_EV15_2_GCP_Correlation.md,Canonical Sequential Record 0163: EV15.2,05_Axiom_Nodes_191,378,1,0,0,28.0,Working Note
\\dlowenas\zobsidian\Theophysics_Vault\00_REFINED_PAPERS_MASTER\05_Axiom_Nodes_191\0171_PROT18.4_PROT18_4_Social_Coherence_Monitoring.md,Canonical Sequential Record 0171: PROT18.4,05_Axiom_Nodes_191,327,1,0,0,28.0,Working Note
\\dlowenas\zobsidian\Theophysics_Vault\00_REFINED_PAPERS_MASTER\05_Axiom_Nodes_191\0175_FALS18.1_FALS18_1_Chi_Field_Falsification.md,Canonical Sequential Record 0175: FALS18.1,05_Axiom_Nodes_191,319,1,0,0,28.0,Working Note
\\dlowenas\zobsidian\Theophysics_Vault\00_REFINED_PAPERS_MASTER\05_Axiom_Nodes_191\0176_FALS18.2_FALS18_2_Grace_Falsification.md,Canonical Sequential Record 0176: FALS18.2,05_Axiom_Nodes_191,364,1,0,0,28.0,Working Note
\\dlowenas\zobsidian\Theophysics_Vault\00_REFINED_PAPERS_MASTER\05_Axiom_Nodes_191\0184_F5_F5_Kindness_Measurement_Domain.md,Canonical Sequential Record 0184: F5,05_Axiom_Nodes_191,350,1,0,1,28.0,Working Note
\\dlowenas\zobsidian\Theophysics_Vault\00_REFINED_PAPERS_MASTER\05_Axiom_Nodes_191\0185_F6_F6_Goodness_Measurement_Domain.md,Canonical Sequential Record 0185: F6,05_Axiom_Nodes_191,343,1,0,1,28.0,Working Note
\\dlowenas\zobsidian\Theophysics_Vault\02_Evidence_Matrix\21_Watcher_Epistemic_Boundaries\watcher-01-the-question-that-dies.knowledge.md,The Question That Dies,21_Watcher_Epistemic_Boundaries,5250,0,2,0,24.0,Master Treatise
\\dlowenas\zobsidian\Theophysics_Vault\02_Evidence_Matrix\00_MASTER_EVIDENCE_MATRIX_MOC.md,🏛️ Canonical Evidence Matrix (Obsidian Proof Hub),02_Evidence_Matrix,504,0,0,0,20.0,Working Note
\\dlowenas\zobsidian\Theophysics_Vault\00_REFINED_PAPERS_MASTER\02_Canonical_Treatises\PHYSICS_SPIRIT_MAPPING_AND_BRIDGE_SPECIFICATION.md,Testing the Ten-Fold Bridge: The Adversarial Verification Report & Two-Hop Routi,02_Canonical_Treatises,15368,0,0,0,20.0,Master Treatise
\\dlowenas\zobsidian\Theophysics_Vault\02_Evidence_Matrix\01_Trinitarian_Ground_and_A0_Ontology\p04-the-operating-system-the-trinity-mechanism.epistemic.md,P04: The Operating System - The Trinity Mechanism,01_Trinitarian_Ground_and_A0_Ontology,3840,0,0,0,20.0,Master Treatise
\\dlowenas\zobsidian\Theophysics_Vault\02_Evidence_Matrix\01_Trinitarian_Ground_and_A0_Ontology\TRINITY_CHAIN_FIRST_PASS_REPORT.md,Trinity Chain: First API Pass,01_Trinitarian_Ground_and_A0_Ontology,446,0,0,0,20.0,Working Note
\\dlowenas\zobsidian\Theophysics_Vault\02_Evidence_Matrix\03_Love_as_Generative_Ground\FRUITS_OF_THE_SPIRIT_AS_LOVES_RESTORATIVE_GRAMMAR_v1.md,The Fruits of the Spirit as Love’s Restorative Grammar,03_Love_as_Generative_Ground,1722,0,0,0,20.0,Comprehensive Essay
\\dlowenas\zobsidian\Theophysics_Vault\02_Evidence_Matrix\03_Love_as_Generative_Ground\when-truth-and-love-meet.knowledge.md,Part Two of Three,03_Love_as_Generative_Ground,2871,0,2,1,20.0,Comprehensive Essay
\\dlowenas\zobsidian\Theophysics_Vault\02_Evidence_Matrix\04_Divine_Attributes_and_Impossibilities\domain-00-god.epistemic.md,DOMAIN: 00_GOD,04_Divine_Attributes_and_Impossibilities,3781,0,0,0,20.0,Master Treatise
\\dlowenas\zobsidian\Theophysics_Vault\02_Evidence_Matrix\12_Physics_to_Numbers_Bridge\CNS_03_WHY_MATH_WORKS_DUAL_MODEL_RECONSTRUCTION.md,CNS-03 — Why Math Works,12_Physics_to_Numbers_Bridge,4100,0,0,0,20.0,Master Treatise
\\dlowenas\zobsidian\Theophysics_Vault\02_Evidence_Matrix\12_Physics_to_Numbers_Bridge\physics-numbers-bridge-1.knowledge.md,Physics ↔ Numbers-in-God Bridge — Schema & Specification,12_Physics_to_Numbers_Bridge,5345,0,0,0,20.0,Master Treatise
\\dlowenas\zobsidian\Theophysics_Vault\02_Evidence_Matrix\18_Moral_Universe_Knockouts\the-moral-universe-the-hammer.epistemic.md,The Moral Universe: The Hammer,18_Moral_Universe_Knockouts,3780,0,0,0,20.0,Master Treatise
\\dlowenas\zobsidian\Theophysics_Vault\02_Evidence_Matrix\19_Watcher_Measurement_Direction\temporal-direction-breakthrough.knowledge.md,THE TEMPORAL DIRECTION INSIGHT,19_Watcher_Measurement_Direction,4812,0,0,0,20.0,Master Treatise
\\dlowenas\zobsidian\Theophysics_Vault\02_Evidence_Matrix\19_Watcher_Measurement_Direction\watcher-05-temporal-direction-briefing.knowledge.md,THE TEMPORAL DIRECTION INSIGHT,19_Watcher_Measurement_Direction,2342,0,0,0,20.0,Comprehensive Essay
\\dlowenas\zobsidian\Theophysics_Vault\02_Evidence_Matrix\21_Watcher_Epistemic_Boundaries\watcher-04-the-bucket-the-hole-the-door.knowledge.md,"The Bucket, the Hole, and the Door",21_Watcher_Epistemic_Boundaries,3295,0,2,0,20.0,Comprehensive Essay
\\dlowenas\zobsidian\Theophysics_Vault\02_Evidence_Matrix\23_Physics_Spirit_Mapping_Verification\physics-spirit-mapping-adversarial-verification-report.knowledge.md,Testing the Ten-Fold Bridge,23_Physics_Spirit_Mapping_Verification,15888,0,0,0,20.0,Master Treatise
\\dlowenas\zobsidian\Theophysics_Vault\02_Evidence_Matrix\24_Resurrection_Coupling_Architecture\on-grace-and-nonbiological-consciousness.md,On Grace and Non-Biological Consciousness,24_Resurrection_Coupling_Architecture,3370,0,0,1,20.0,Comprehensive Essay
\\dlowenas\zobsidian\Theophysics_Vault\02_Evidence_Matrix\25_Triple_Isomorphism_Program\SUPRA_INFRAQUE_GRAPH.md,Supra Infraque Graph,25_Triple_Isomorphism_Program,556,0,0,0,20.0,Working Note
\\dlowenas\zobsidian\Theophysics_Vault\02_Evidence_Matrix\25_Triple_Isomorphism_Program\TRIPLE_ISOMORPHISM_PROGRAM.md,The Triple Isomorphism Program,25_Triple_Isomorphism_Program,3426,0,0,17,20.0,Comprehensive Essay
\\dlowenas\zobsidian\Theophysics_Vault\02_Evidence_Matrix\26_Grace_Ledger_and_Debt_Mechanics\grace-ledger-claim-probe-audit-2026-08-25.knowledge.md,GRACE LEDGER CLAIM PROBE — AUDIT,26_Grace_Ledger_and_Debt_Mechanics,2384,0,0,0,20.0,Comprehensive Essay
\\dlowenas\zobsidian\Theophysics_Vault\02_Evidence_Matrix\26_Grace_Ledger_and_Debt_Mechanics\grace-ledger-repairs-probe-audit-2026-08-25.knowledge.md,GRACE LEDGER REPAIRS PROBE — AUDIT,26_Grace_Ledger_and_Debt_Mechanics,2274,0,0,0,20.0,Comprehensive Essay
\\dlowenas\zobsidian\Theophysics_Vault\02_Evidence_Matrix\29_Unified_Grammar_Methodology\THE_GRAMMARS_CHARACTER.md,The Grammar's Character,29_Unified_Grammar_Methodology,2340,0,0,0,20.0,Comprehensive Essay
\\dlowenas\zobsidian\Theophysics_Vault\02_Evidence_Matrix\41_Defeat_of_Alternate_Worldviews\p06-the-defeated-the-fall-of-alternate-worldviews.epistemic.md,P06: The Defeated - The Fall of Alternate Worldviews,41_Defeat_of_Alternate_Worldviews,3568,0,0,0,20.0,Master Treatise
\\dlowenas\zobsidian\Theophysics_Vault\02_Evidence_Matrix\42_Ground_Trials_and_Route_Maps\ground-trial-integrated-axiom-route-map.epistemic.md,Ground Trial — Integrated Axiom Route Map,42_Ground_Trials_and_Route_Maps,4530,0,0,0,20.0,Master Treatise
\\dlowenas\zobsidian\Theophysics_Vault\02_Evidence_Matrix\44_Triage_and_Integration_Debt\triage-ledger.knowledge.md,ME TRIAGE LEDGER — WACK / KEEP pass,44_Triage_and_Integration_Debt,2008,0,0,0,20.0,Comprehensive Essay
\\dlowenas\zobsidian\Theophysics_Vault\02_Evidence_Matrix\47_Formal_Logic_and_Epistemic_Intake\05-evidence.epistemic.md,05_evidence,47_Formal_Logic_and_Epistemic_Intake,4228,0,0,0,20.0,Master Treatise
\\dlowenas\zobsidian\Theophysics_Vault\02_Evidence_Matrix\47_Formal_Logic_and_Epistemic_Intake\doctrinal-grounding.epistemic.md,Doctrinal Grounding,47_Formal_Logic_and_Epistemic_Intake,3483,0,0,0,20.0,Comprehensive Essay
\\dlowenas\zobsidian\Theophysics_Vault\02_Evidence_Matrix\47_Formal_Logic_and_Epistemic_Intake\LOWE_STANDARD_TEMPLATE_v1.1.md,The Lowe Standard — Paper Template v1.1,47_Formal_Logic_and_Epistemic_Intake,1478,0,0,0,20.0,Comprehensive Essay
\\dlowenas\zobsidian\Theophysics_Vault\02_Evidence_Matrix\47_Formal_Logic_and_Epistemic_Intake\p03-the-bridges-solving-the-unsolvable.epistemic.md,P03: The Bridges - Solving the Unsolvable,47_Formal_Logic_and_Epistemic_Intake,3676,0,0,0,20.0,Master Treatise
\\dlowenas\zobsidian\Theophysics_Vault\02_Evidence_Matrix\47_Formal_Logic_and_Epistemic_Intake\pasted-text.knowledge.md,And you’re right.,47_Formal_Logic_and_Epistemic_Intake,5232,0,0,0,20.0,Master Treatise
\\dlowenas\zobsidian\Theophysics_Vault\02_Evidence_Matrix\47_Formal_Logic_and_Epistemic_Intake\theological-bridge.epistemic.md,Theological Bridge,47_Formal_Logic_and_Epistemic_Intake,3571,0,0,0,20.0,Master Treatise
\\dlowenas\zobsidian\Theophysics_Vault\02_Evidence_Matrix\47_Formal_Logic_and_Epistemic_Intake\The_Axiom_Speaks.md,The Axiom Speaks,47_Formal_Logic_and_Epistemic_Intake,5269,0,0,7,20.0,Master Treatise
\\dlowenas\zobsidian\Theophysics_Vault\02_Evidence_Matrix\47_Formal_Logic_and_Epistemic_Intake\THE_HUMAN_ARGUMENT_STANDARD_FINAL.md,The Human Argument Standard,47_Formal_Logic_and_Epistemic_Intake,2580,0,0,0,20.0,Comprehensive Essay
\\dlowenas\zobsidian\Theophysics_Vault\02_Evidence_Matrix\47_Formal_Logic_and_Epistemic_Intake\UNIVERSAL_DOMAIN_QUESTION_CONTRACT.md,Claim Evidence Proof Bridge Question Contract,47_Formal_Logic_and_Epistemic_Intake,1904,0,0,0,20.0,Comprehensive Essay
\\dlowenas\zobsidian\Theophysics_Vault\05_Games_and_Media\Revelation_Board_Game\CARD_MANIFEST_AND_SEQUENCING.md,1. IDENTITY DECK (12 Secret Role Cards),Revelation_Board_Game,918,0,0,0,20.0,Working Note
\\dlowenas\zobsidian\Theophysics_Vault\01_Cannon_Papers\WHAT_GIVES_MEANING_TO_MATTER.md,PAPER ZERO: What Gives Meaning to Matter?,01_Cannon_Papers,1063,0,0,0,18.0,Working Note
\\dlowenas\zobsidian\Theophysics_Vault\00_REFINED_PAPERS_MASTER\03_Core_Cannon_Papers\WHAT_GIVES_MEANING_TO_MATTER.md,PAPER ZERO: What Gives Meaning to Matter?,03_Core_Cannon_Papers,1063,0,0,0,18.0,Working Note
\\dlowenas\zobsidian\Theophysics_Vault\02_Evidence_Matrix\45_Unification_Governance_and_Atlas\UNIFIED_CLASSIFICATION_SYSTEM.md,UNIFIED_CLASSIFICATION_SYSTEM,45_Unification_Governance_and_Atlas,1730,0,1,0,18.0,Comprehensive Essay
\\dlowenas\zobsidian\Theophysics_Vault\01_Cannon_Papers\THE_INEVITABILITY_OF_THE_LOGOS.md,The Inevitability of the Logos: A Mathematical and Logical Proof of Divine Ontol,01_Cannon_Papers,1950,2,0,1,16.0,Comprehensive Essay
\\dlowenas\zobsidian\Theophysics_Vault\00_REFINED_PAPERS_MASTER\03_Core_Cannon_Papers\THE_INEVITABILITY_OF_THE_LOGOS.md,The Inevitability of the Logos: A Mathematical and Logical Proof of Divine Ontol,03_Core_Cannon_Papers,1950,2,0,1,16.0,Comprehensive Essay
\\dlowenas\zobsidian\Theophysics_Vault\02_Evidence_Matrix\47_Formal_Logic_and_Epistemic_Intake\02_OPERATION_VS_GROUND_RULING.md,Operation vs Ground Ruling,47_Formal_Logic_and_Epistemic_Intake,505,0,1,0,16.0,Working Note
\\dlowenas\zobsidian\Theophysics_Vault\07_System_and_Operations\Prompts_Backup\Crawl4AI_Research_Template.md,CRAWL4AI Research Prompt — Generic Template,Prompts_Backup,535,0,0,0,12.0,Working Note
\\dlowenas\zobsidian\Theophysics_Vault\01_Cannon_Papers\BRIEF_15_ERROR_CORRECTION_AND_EXTERNAL_REFERENCE.md,When the Damage Exceeds the Code Distance,01_Cannon_Papers,1402,0,1,0,10.0,Comprehensive Essay
\\dlowenas\zobsidian\Theophysics_Vault\01_Cannon_Papers\BRIEF_5_VALUE_TELEOLOGY_AND_MORAL_VALENCE.md,"BRIEF 5: Value, Teleology, and Moral Valence",01_Cannon_Papers,1453,0,1,0,10.0,Comprehensive Essay
\\dlowenas\zobsidian\Theophysics_Vault\01_Cannon_Papers\BRIEF_9_FREE_ENERGY_MAINTENANCE_AND_LOCAL_ORDER.md,"BRIEF 9: Free Energy, Maintenance, and Local Order",01_Cannon_Papers,1367,0,1,0,10.0,Comprehensive Essay
\\dlowenas\zobsidian\Theophysics_Vault\01_Cannon_Papers\STRUCTURED_CREATION_AND_DISTINCTION.md,BRIEF 2: Structured Creation and Distinction,01_Cannon_Papers,1094,0,1,0,10.0,Working Note
\\dlowenas\zobsidian\Theophysics_Vault\01_Cannon_Papers\THE_CHARACTER_OF_GOD_READ_FROM_PHYSICS.md,THE CHARACTER OF GOD — READ FROM PHYSICS,01_Cannon_Papers,2691,0,1,0,10.0,Comprehensive Essay
\\dlowenas\zobsidian\Theophysics_Vault\01_Cannon_Papers\THE_TRINITY.md,The Trinity,01_Cannon_Papers,1241,0,1,0,10.0,Comprehensive Essay
\\dlowenas\zobsidian\Theophysics_Vault\00_REFINED_PAPERS_MASTER\03_Core_Cannon_Papers\BRIEF_15_ERROR_CORRECTION_AND_EXTERNAL_REFERENCE.md,When the Damage Exceeds the Code Distance,03_Core_Cannon_Papers,1402,0,1,0,10.0,Comprehensive Essay
\\dlowenas\zobsidian\Theophysics_Vault\00_REFINED_PAPERS_MASTER\03_Core_Cannon_Papers\BRIEF_5_VALUE_TELEOLOGY_AND_MORAL_VALENCE.md,"BRIEF 5: Value, Teleology, and Moral Valence",03_Core_Cannon_Papers,1453,0,1,0,10.0,Comprehensive Essay
\\dlowenas\zobsidian\Theophysics_Vault\00_REFINED_PAPERS_MASTER\03_Core_Cannon_Papers\BRIEF_9_FREE_ENERGY_MAINTENANCE_AND_LOCAL_ORDER.md,"BRIEF 9: Free Energy, Maintenance, and Local Order",03_Core_Cannon_Papers,1367,0,1,0,10.0,Comprehensive Essay
\\dlowenas\zobsidian\Theophysics_Vault\00_REFINED_PAPERS_MASTER\03_Core_Cannon_Papers\STRUCTURED_CREATION_AND_DISTINCTION.md,BRIEF 2: Structured Creation and Distinction,03_Core_Cannon_Papers,1094,0,1,0,10.0,Working Note
\\dlowenas\zobsidian\Theophysics_Vault\00_REFINED_PAPERS_MASTER\03_Core_Cannon_Papers\THE_CHARACTER_OF_GOD_READ_FROM_PHYSICS.md,THE CHARACTER OF GOD — READ FROM PHYSICS,03_Core_Cannon_Papers,2691,0,1,0,10.0,Comprehensive Essay
\\dlowenas\zobsidian\Theophysics_Vault\00_REFINED_PAPERS_MASTER\03_Core_Cannon_Papers\THE_TRINITY.md,The Trinity,03_Core_Cannon_Papers,1241,0,1,0,10.0,Comprehensive Essay
\\dlowenas\zobsidian\Theophysics_Vault\02_Evidence_Matrix\01_Trinitarian_Ground_and_A0_Ontology\00_01_Trinitarian_Ground_and_A0_Ontology_MOC.md,01 Trinitarian Ground and A0 Ontology,01_Trinitarian_Ground_and_A0_Ontology,54,0,1,0,10.0,Stub / Seed
\\dlowenas\zobsidian\Theophysics_Vault\02_Evidence_Matrix\02_Triune_Observer_Mechanism\00_02_Triune_Observer_Mechanism_MOC.md,02 Triune Observer Mechanism,02_Triune_Observer_Mechanism,20,0,1,0,10.0,Stub / Seed
\\dlowenas\zobsidian\Theophysics_Vault\02_Evidence_Matrix\06_Fruits_Generative_Grammar\00_06_Fruits_Generative_Grammar_MOC.md,06 Fruits Generative Grammar,06_Fruits_Generative_Grammar,24,0,1,0,10.0,Stub / Seed
\\dlowenas\zobsidian\Theophysics_Vault\02_Evidence_Matrix\10_Numbers_in_God_Master_Outlines\numbers-in-god-core-case-session-compression.knowledge.md,Numbers in God — The Core Case,10_Numbers_in_God_Master_Outlines,5320,0,1,20,10.0,Master Treatise
\\dlowenas\zobsidian\Theophysics_Vault\02_Evidence_Matrix\13_Moral_Absolute_of_Mathematics\00_13_Moral_Absolute_of_Mathematics_MOC.md,13 Moral Absolute of Mathematics,13_Moral_Absolute_of_Mathematics,25,0,1,0,10.0,Stub / Seed
\\dlowenas\zobsidian\Theophysics_Vault\02_Evidence_Matrix\15_PMM_Causal_Chain_and_Evidence_Logs\00_15_PMM_Causal_Chain_and_Evidence_Logs_MOC.md,15 PMM Causal Chain and Evidence Logs,15_PMM_Causal_Chain_and_Evidence_Logs,27,0,1,0,10.0,Stub / Seed
\\dlowenas\zobsidian\Theophysics_Vault\02_Evidence_Matrix\16_PMM_Amorality_Refutations\00_16_PMM_Amorality_Refutations_MOC.md,16 PMM Amorality Refutations,16_PMM_Amorality_Refutations,28,0,1,0,10.0,Stub / Seed
\\dlowenas\zobsidian\Theophysics_Vault\02_Evidence_Matrix\17_PMM_Axiomatic_Unification\00_17_PMM_Axiomatic_Unification_MOC.md,17 PMM Axiomatic Unification,17_PMM_Axiomatic_Unification,24,0,1,0,10.0,Stub / Seed
\\dlowenas\zobsidian\Theophysics_Vault\02_Evidence_Matrix\22_First_Atom_and_Cosmic_Beginning\00_22_First_Atom_and_Cosmic_Beginning_MOC.md,22 First Atom and Cosmic Beginning,22_First_Atom_and_Cosmic_Beginning,30,0,1,0,10.0,Stub / Seed
\\dlowenas\zobsidian\Theophysics_Vault\02_Evidence_Matrix\32_Master_Equation_of_Reality\00_32_Master_Equation_of_Reality_MOC.md,32 Master Equation of Reality,32_Master_Equation_of_Reality,47,0,1,0,10.0,Stub / Seed
\\dlowenas\zobsidian\Theophysics_Vault\02_Evidence_Matrix\32_Master_Equation_of_Reality\MASTER_EQUATION_LOSSLESS_AI_MANIFEST.md,0. PURPOSE,32_Master_Equation_of_Reality,1722,0,1,0,10.0,Comprehensive Essay
\\dlowenas\zobsidian\Theophysics_Vault\00_REFINED_PAPERS_MASTER\03_Formal_Mathematical_Extensions\Test_Axiom_Integrity_CANDIDATE.md,Test Axiom Integrity,03_Formal_Mathematical_Extensions,301,0,0,0,2.0,Working Note
\\dlowenas\zobsidian\Theophysics_Vault\00_REFINED_PAPERS_MASTER\04_Moral_Substrate_and_Trilemma\THE_CONSCIOUSNESS_PAPER_EVERYDAY_VERSION.md,The Consciousness Paper — Everyday Version v1.0 (2026-08-09 17:26 -05:00),04_Moral_Substrate_and_Trilemma,2313,0,0,0,2.0,Comprehensive Essay
\\dlowenas\zobsidian\Theophysics_Vault\02_Evidence_Matrix\37_Claim_Atom_Expansion_Layers\PILL_ANCHOR_SPEC.md,Evidence Pill + Sentence Anchor — Spec (for the Code agents),37_Claim_Atom_Expansion_Layers,649,0,0,0,2.0,Working Note
\\dlowenas\zobsidian\Theophysics_Vault\01_Cannon_Papers\GOD_IN_THE_EQUATIONS.md,God in the Equations,01_Cannon_Papers,2290,0,0,0,0.0,Comprehensive Essay
\\dlowenas\zobsidian\Theophysics_Vault\01_Cannon_Papers\THE_THREE_BODY_SOLUTION.md,The Three-Body Solution,01_Cannon_Papers,2797,0,0,0,0.0,Comprehensive Essay
\\dlowenas\zobsidian\Theophysics_Vault\01_Cannon_Papers\TRUTHFUL_PROVENANCE_AND_THE_RECORD.md,Truthful Provenance and the Record,01_Cannon_Papers,1334,0,0,0,0.0,Comprehensive Essay
\\dlowenas\zobsidian\Theophysics_Vault\07_System_and_Operations\SESSION_HANDOFF_AXIOMS_TRANSITION.md,SESSION HANDOFF: TRANSITION TO AXIOMS WORK,07_System_and_Operations,159,0,0,0,0.0,Stub / Seed
\\dlowenas\zobsidian\Theophysics_Vault\00_REFINED_PAPERS_MASTER\03_Core_Cannon_Papers\GOD_IN_THE_EQUATIONS.md,God in the Equations,03_Core_Cannon_Papers,2290,0,0,0,0.0,Comprehensive Essay
\\dlowenas\zobsidian\Theophysics_Vault\00_REFINED_PAPERS_MASTER\03_Core_Cannon_Papers\THE_THREE_BODY_SOLUTION.md,The Three-Body Solution,03_Core_Cannon_Papers,2797,0,0,0,0.0,Comprehensive Essay
\\dlowenas\zobsidian\Theophysics_Vault\00_REFINED_PAPERS_MASTER\03_Core_Cannon_Papers\TRUTHFUL_PROVENANCE_AND_THE_RECORD.md,Truthful Provenance and the Record,03_Core_Cannon_Papers,1334,0,0,0,0.0,Comprehensive Essay
\\dlowenas\zobsidian\Theophysics_Vault\02_Evidence_Matrix\01_Trinitarian_Ground_and_A0_Ontology\01-trinity-chain.canonical.md,Three-Person Coupling at Equilibrium,01_Trinitarian_Ground_and_A0_Ontology,2863,0,0,13,0.0,Comprehensive Essay
\\dlowenas\zobsidian\Theophysics_Vault\02_Evidence_Matrix\03_Love_as_Generative_Ground\00_03_Love_as_Generative_Ground_MOC.md,03 Love as Generative Ground,03_Love_as_Generative_Ground,33,0,0,0,0.0,Stub / Seed
\\dlowenas\zobsidian\Theophysics_Vault\02_Evidence_Matrix\04_Divine_Attributes_and_Impossibilities\00_04_Divine_Attributes_and_Impossibilities_MOC.md,04 Divine Attributes and Impossibilities,04_Divine_Attributes_and_Impossibilities,37,0,0,0,0.0,Stub / Seed
\\dlowenas\zobsidian\Theophysics_Vault\02_Evidence_Matrix\04_Divine_Attributes_and_Impossibilities\03_THE_METAPHYSICAL_GROUND_OF_REASON.md,THE METAPHYSICAL GROUND OF REASON,04_Divine_Attributes_and_Impossibilities,321,0,0,0,0.0,Working Note
\\dlowenas\zobsidian\Theophysics_Vault\02_Evidence_Matrix\04_Divine_Attributes_and_Impossibilities\O-07D_CG_04_What_God_Cannot_Do.md,THE CHARACTER OF GOD — Paper 4 of 7,04_Divine_Attributes_and_Impossibilities,782,0,0,0,0.0,Working Note
\\dlowenas\zobsidian\Theophysics_Vault\02_Evidence_Matrix\04_Divine_Attributes_and_Impossibilities\O-07F_CG_06_The_Portrait.md,THE CHARACTER OF GOD — Paper 6 of 7,04_Divine_Attributes_and_Impossibilities,797,0,0,0,0.0,Working Note
\\dlowenas\zobsidian\Theophysics_Vault\02_Evidence_Matrix\05_Fruits_Foundations_and_Ontology\00_05_Fruits_Foundations_and_Ontology_MOC.md,05 Fruits Foundations and Ontology,05_Fruits_Foundations_and_Ontology,37,0,0,0,0.0,Stub / Seed
\\dlowenas\zobsidian\Theophysics_Vault\02_Evidence_Matrix\05_Fruits_Foundations_and_Ontology\fruits-00-introduction.knowledge.md,Fruits 00 Introduction,05_Fruits_Foundations_and_Ontology,745,0,0,0,0.0,Working Note
\\dlowenas\zobsidian\Theophysics_Vault\02_Evidence_Matrix\07_Fruits_Privation_Semantics_and_Physics\00_07_Fruits_Privation_Semantics_and_Physics_MOC.md,07 Fruits Privation Semantics and Physics,07_Fruits_Privation_Semantics_and_Physics,30,0,0,0,0.0,Stub / Seed
\\dlowenas\zobsidian\Theophysics_Vault\02_Evidence_Matrix\08_Fruits_Mathematical_Formalization\00_08_Fruits_Mathematical_Formalization_MOC.md,08 Fruits Mathematical Formalization,08_Fruits_Mathematical_Formalization,36,0,0,0,0.0,Stub / Seed
\\dlowenas\zobsidian\Theophysics_Vault\02_Evidence_Matrix\09_Number_from_Being_and_Relation\00_09_Number_from_Being_and_Relation_MOC.md,09 Number from Being and Relation,09_Number_from_Being_and_Relation,26,0,0,0,0.0,Stub / Seed
\\dlowenas\zobsidian\Theophysics_Vault\02_Evidence_Matrix\10_Numbers_in_God_Master_Outlines\00_10_Numbers_in_God_Master_Outlines_MOC.md,10 Numbers in God Master Outlines,10_Numbers_in_God_Master_Outlines,38,0,0,0,0.0,Stub / Seed
\\dlowenas\zobsidian\Theophysics_Vault\02_Evidence_Matrix\11_Trinity_Generates_Numbers\00_11_Trinity_Generates_Numbers_MOC.md,11 Trinity Generates Numbers,11_Trinity_Generates_Numbers,24,0,0,0,0.0,Stub / Seed
\\dlowenas\zobsidian\Theophysics_Vault\02_Evidence_Matrix\12_Physics_to_Numbers_Bridge\00_12_Physics_to_Numbers_Bridge_MOC.md,12 Physics to Numbers Bridge,12_Physics_to_Numbers_Bridge,29,0,0,0,0.0,Stub / Seed
\\dlowenas\zobsidian\Theophysics_Vault\02_Evidence_Matrix\14_Principia_Mathematica_Moralia_Core\00_14_Principia_Mathematica_Moralia_Core_MOC.md,14 Principia Mathematica Moralia Core,14_Principia_Mathematica_Moralia_Core,37,0,0,0,0.0,Stub / Seed
\\dlowenas\zobsidian\Theophysics_Vault\02_Evidence_Matrix\18_Moral_Universe_Knockouts\00_18_Moral_Universe_Knockouts_MOC.md,18 Moral Universe Knockouts,18_Moral_Universe_Knockouts,38,0,0,0,0.0,Stub / Seed
\\dlowenas\zobsidian\Theophysics_Vault\02_Evidence_Matrix\18_Moral_Universe_Knockouts\The 10 Laws as Universal Axioms.md,**3. The 10 Laws as Universal Axioms**,18_Moral_Universe_Knockouts,156,0,0,0,0.0,Stub / Seed
\\dlowenas\zobsidian\Theophysics_Vault\02_Evidence_Matrix\19_Watcher_Measurement_Direction\00_19_Watcher_Measurement_Direction_MOC.md,19 Watcher Measurement Direction,19_Watcher_Measurement_Direction,32,0,0,0,0.0,Stub / Seed
\\dlowenas\zobsidian\Theophysics_Vault\02_Evidence_Matrix\20_Time_as_Grammar_Shadow\00_20_Time_as_Grammar_Shadow_MOC.md,20 Time as Grammar Shadow,20_Time_as_Grammar_Shadow,25,0,0,0,0.0,Stub / Seed
\\dlowenas\zobsidian\Theophysics_Vault\02_Evidence_Matrix\21_Watcher_Epistemic_Boundaries\00_21_Watcher_Epistemic_Boundaries_MOC.md,21 Watcher Epistemic Boundaries,21_Watcher_Epistemic_Boundaries,28,0,0,0,0.0,Stub / Seed
\\dlowenas\zobsidian\Theophysics_Vault\02_Evidence_Matrix\23_Physics_Spirit_Mapping_Verification\00_23_Physics_Spirit_Mapping_Verification_MOC.md,23 Physics Spirit Mapping Verification,23_Physics_Spirit_Mapping_Verification,29,0,0,0,0.0,Stub / Seed
\\dlowenas\zobsidian\Theophysics_Vault\02_Evidence_Matrix\24_Resurrection_Coupling_Architecture\00_24_Resurrection_Coupling_Architecture_MOC.md,24 Resurrection Coupling Architecture,24_Resurrection_Coupling_Architecture,28,0,0,0,0.0,Stub / Seed
\\dlowenas\zobsidian\Theophysics_Vault\02_Evidence_Matrix\25_Triple_Isomorphism_Program\00_25_Triple_Isomorphism_Program_MOC.md,25 Triple Isomorphism Program,25_Triple_Isomorphism_Program,28,0,0,0,0.0,Stub / Seed
\\dlowenas\zobsidian\Theophysics_Vault\02_Evidence_Matrix\26_Grace_Ledger_and_Debt_Mechanics\00_26_Grace_Ledger_and_Debt_Mechanics_MOC.md,26 Grace Ledger and Debt Mechanics,26_Grace_Ledger_and_Debt_Mechanics,34,0,0,0,0.0,Stub / Seed
\\dlowenas\zobsidian\Theophysics_Vault\02_Evidence_Matrix\27_Bidirectional_Grammar_Canon\00_27_Bidirectional_Grammar_Canon_MOC.md,27 Bidirectional Grammar Canon,27_Bidirectional_Grammar_Canon,38,0,0,0,0.0,Stub / Seed
\\dlowenas\zobsidian\Theophysics_Vault\02_Evidence_Matrix\28_Bidirectional_Grammar_Hard_Trials\00_28_Bidirectional_Grammar_Hard_Trials_MOC.md,28 Bidirectional Grammar Hard Trials,28_Bidirectional_Grammar_Hard_Trials,29,0,0,0,0.0,Stub / Seed
\\dlowenas\zobsidian\Theophysics_Vault\02_Evidence_Matrix\29_Unified_Grammar_Methodology\00_29_Unified_Grammar_Methodology_MOC.md,29 Unified Grammar Methodology,29_Unified_Grammar_Methodology,32,0,0,0,0.0,Stub / Seed
\\dlowenas\zobsidian\Theophysics_Vault\02_Evidence_Matrix\30_Blind_Reconstruction_Protocols\00_30_Blind_Reconstruction_Protocols_MOC.md,30 Blind Reconstruction Protocols,30_Blind_Reconstruction_Protocols,28,0,0,0,0.0,Stub / Seed
\\dlowenas\zobsidian\Theophysics_Vault\02_Evidence_Matrix\31_Master_Axiom_Flow_Series\00_31_Master_Axiom_Flow_Series_MOC.md,31 Master Axiom Flow Series,31_Master_Axiom_Flow_Series,61,0,0,0,0.0,Stub / Seed
\\dlowenas\zobsidian\Theophysics_Vault\02_Evidence_Matrix\33_Axiom_Chain_Unified_Series\00_33_Axiom_Chain_Unified_Series_MOC.md,33 Axiom Chain Unified Series,33_Axiom_Chain_Unified_Series,31,0,0,0,0.0,Stub / Seed
\\dlowenas\zobsidian\Theophysics_Vault\02_Evidence_Matrix\34_Full_Axiom_API_Specifications\00_34_Full_Axiom_API_Specifications_MOC.md,34 Full Axiom API Specifications,34_Full_Axiom_API_Specifications,41,0,0,0,0.0,Stub / Seed
\\dlowenas\zobsidian\Theophysics_Vault\02_Evidence_Matrix\35_Truth_Kernels_001_to_100\00_35_Truth_Kernels_001_to_100_MOC.md,35 Truth Kernels 001 to 100,35_Truth_Kernels_001_to_100,26,0,0,0,0.0,Stub / Seed
\\dlowenas\zobsidian\Theophysics_Vault\02_Evidence_Matrix\36_Truth_Kernels_101_to_188\00_36_Truth_Kernels_101_to_188_MOC.md,36 Truth Kernels 101 to 188,36_Truth_Kernels_101_to_188,26,0,0,0,0.0,Stub / Seed
\\dlowenas\zobsidian\Theophysics_Vault\02_Evidence_Matrix\37_Claim_Atom_Expansion_Layers\00_37_Claim_Atom_Expansion_Layers_MOC.md,37 Claim Atom Expansion Layers,37_Claim_Atom_Expansion_Layers,29,0,0,0,0.0,Stub / Seed
\\dlowenas\zobsidian\Theophysics_Vault\02_Evidence_Matrix\38_Supra_Infraque_Universal_Bridges\00_38_Supra_Infraque_Universal_Bridges_MOC.md,38 Supra Infraque Universal Bridges,38_Supra_Infraque_Universal_Bridges,29,0,0,0,0.0,Stub / Seed
\\dlowenas\zobsidian\Theophysics_Vault\02_Evidence_Matrix\39_Supra_Infraque_Radical_Schema\00_39_Supra_Infraque_Radical_Schema_MOC.md,39 Supra Infraque Radical Schema,39_Supra_Infraque_Radical_Schema,39,0,0,0,0.0,Stub / Seed
\\dlowenas\zobsidian\Theophysics_Vault\02_Evidence_Matrix\40_Knockout_Arguments_and_Interludes\00_40_Knockout_Arguments_and_Interludes_MOC.md,40 Knockout Arguments and Interludes,40_Knockout_Arguments_and_Interludes,33,0,0,0,0.0,Stub / Seed
\\dlowenas\zobsidian\Theophysics_Vault\02_Evidence_Matrix\41_Defeat_of_Alternate_Worldviews\00_41_Defeat_of_Alternate_Worldviews_MOC.md,41 Defeat of Alternate Worldviews,41_Defeat_of_Alternate_Worldviews,29,0,0,0,0.0,Stub / Seed
\\dlowenas\zobsidian\Theophysics_Vault\02_Evidence_Matrix\42_Ground_Trials_and_Route_Maps\00_42_Ground_Trials_and_Route_Maps_MOC.md,42 Ground Trials and Route Maps,42_Ground_Trials_and_Route_Maps,30,0,0,0,0.0,Stub / Seed
\\dlowenas\zobsidian\Theophysics_Vault\02_Evidence_Matrix\42_Ground_Trials_and_Route_Maps\integration-route-map.knowledge.md,"date: ""2026-08-30""",42_Ground_Trials_and_Route_Maps,1774,0,0,0,0.0,Comprehensive Essay
\\dlowenas\zobsidian\Theophysics_Vault\02_Evidence_Matrix\43_The_Five_Walls_and_Middle_Axioms\00_43_The_Five_Walls_and_Middle_Axioms_MOC.md,43 The Five Walls and Middle Axioms,43_The_Five_Walls_and_Middle_Axioms,31,0,0,0,0.0,Stub / Seed
\\dlowenas\zobsidian\Theophysics_Vault\02_Evidence_Matrix\44_Triage_and_Integration_Debt\00_44_Triage_and_Integration_Debt_MOC.md,44 Triage and Integration Debt,44_Triage_and_Integration_Debt,33,0,0,0,0.0,Stub / Seed
\\dlowenas\zobsidian\Theophysics_Vault\02_Evidence_Matrix\44_Triage_and_Integration_Debt\integration-debt.knowledge.md,Integrated derivation debt ledger,44_Triage_and_Integration_Debt,1914,0,0,0,0.0,Comprehensive Essay
\\dlowenas\zobsidian\Theophysics_Vault\02_Evidence_Matrix\44_Triage_and_Integration_Debt\integration-receipt-2026-08-30.knowledge.md,"date: ""2026-08-30""",44_Triage_and_Integration_Debt,1866,0,0,0,0.0,Comprehensive Essay
\\dlowenas\zobsidian\Theophysics_Vault\02_Evidence_Matrix\45_Unification_Governance_and_Atlas\00_45_Unification_Governance_and_Atlas_MOC.md,45 Unification Governance and Atlas,45_Unification_Governance_and_Atlas,37,0,0,0,0.0,Stub / Seed
\\dlowenas\zobsidian\Theophysics_Vault\02_Evidence_Matrix\46_The_Master_Story_Series\00_46_The_Master_Story_Series_MOC.md,46 The Master Story Series,46_The_Master_Story_Series,41,0,0,0,0.0,Stub / Seed
\\dlowenas\zobsidian\Theophysics_Vault\02_Evidence_Matrix\46_The_Master_Story_Series\BRIEF_00_AI_READING_ORDER_AND_STORY_OUTLINE.md,BRIEF 00: AI Reading Order and Story Outline,46_The_Master_Story_Series,3119,0,0,0,0.0,Comprehensive Essay
\\dlowenas\zobsidian\Theophysics_Vault\02_Evidence_Matrix\46_The_Master_Story_Series\PART_1_THE_STORY_FINAL.md,THE STORY,46_The_Master_Story_Series,7696,0,0,0,0.0,Master Treatise
\\dlowenas\zobsidian\Theophysics_Vault\02_Evidence_Matrix\47_Formal_Logic_and_Epistemic_Intake\00-axiom-fragment-set-moved.knowledge.md,Axiom fragment set moved,47_Formal_Logic_and_Epistemic_Intake,1079,0,0,0,0.0,Working Note
\\dlowenas\zobsidian\Theophysics_Vault\02_Evidence_Matrix\47_Formal_Logic_and_Epistemic_Intake\00_47_Formal_Logic_and_Epistemic_Intake_MOC.md,47 Formal Logic and Epistemic Intake,47_Formal_Logic_and_Epistemic_Intake,110,0,0,0,0.0,Stub / Seed
\\dlowenas\zobsidian\Theophysics_Vault\02_Evidence_Matrix\47_Formal_Logic_and_Epistemic_Intake\01_The_World_We_Encounter.md,01_The_World_We_Encounter,47_Formal_Logic_and_Epistemic_Intake,37,0,0,0,0.0,Stub / Seed
\\dlowenas\zobsidian\Theophysics_Vault\02_Evidence_Matrix\47_Formal_Logic_and_Epistemic_Intake\a01_The_World_We_Encounter.md,01 — The World We Encounter,47_Formal_Logic_and_Epistemic_Intake,513,0,0,0,0.0,Working Note
\\dlowenas\zobsidian\Theophysics_Vault\02_Evidence_Matrix\47_Formal_Logic_and_Epistemic_Intake\UNIVERSAL_INTERROGATION_ARCHITECTURE_CHATGPT_HANDOFF_2026-08-20.md,UNIVERSAL INTERROGATION ARCHITECTURE — CHATGPT HANDOFF,47_Formal_Logic_and_Epistemic_Intake,1696,0,0,0,0.0,Comprehensive Essay
\\dlowenas\zobsidian\Theophysics_Vault\05_Games_and_Media\Revelation_Board_Game\00_REVELATION_GAME_MASTER_INDEX.md,📌 Executive Summary,Revelation_Board_Game,294,0,0,0,0.0,Stub / Seed
\\dlowenas\zobsidian\Theophysics_Vault\05_Games_and_Media\Revelation_Board_Game\GAMEPLAY_MECHANICS_DEEP_DIVE.md,1. ROUND TIMING & TABLE CYCLES: HOW MANY TIMES AROUND THE BOARD?,Revelation_Board_Game,955,0,0,0,0.0,Working Note
\\dlowenas\zobsidian\Theophysics_Vault\05_Games_and_Media\Revelation_Board_Game\GAME_DESIGN_DOCUMENT.md,"1. THE 5-MINUTE CORE LOOP (""Ticket to Ride"" Simplicity)",Revelation_Board_Game,767,0,0,0,0.0,Working Note
\\dlowenas\zobsidian\Theophysics_Vault\07_System_and_Operations\Prompts_Backup\Deep_Research_Conspiracy_Theories_By_Decade.md,DEEP RESEARCH: Conspiracy Theories by Decade (1900s–2020s),Prompts_Backup,461,0,0,0,0.0,Working Note
